Year,Quarter,State,Count,Population,EM_Rate,Income,GDP
2014,1,Alabama,1,"4,849,377",7.133333333,36729,187517.5
2014,2,Alabama,1,"4,849,377",6.9,36729,189967.8
2014,3,Alabama,0,"4,849,377",6.6,36729,191075.8
2014,4,Alabama,0,"4,849,377",6.3,36729,190984.2
2015,1,Alabama,0,"4,858,979",6.1,38197,189878.6
2015,2,Alabama,2,"4,858,979",6.133333333,38197,191535.8
2015,3,Alabama,0,"4,858,979",6.166666667,38197,192148.5
2015,4,Alabama,2,"4,858,979",6.1,38197,191778
2016,1,Alabama,3,"4,863,300",6.033333333,38712,193112.6
2016,2,Alabama,6,"4,863,300",5.9,38712,194227.5
2016,3,Alabama,3,"4,863,300",5.9,38712,194380.5
2016,4,Alabama,3,"4,863,300",5.8,38712,195414.6
2017,1,Alabama,0,"4,874,747",5.233333333,39975,196339.2
2017,2,Alabama,2,"4,874,747",4.6,39975,196230.9
2017,3,Alabama,2,"4,874,747",4.2,39975,196784.7
2017,4,Alabama,3,"4,874,747",4,39975,198544.8
2018,1,Alabama,5,"4,887,871",4,41330,199763.1
2018,2,Alabama,3,"4,887,871",4,41330,200149.4
2018,3,Alabama,4,"4,887,871",3.933333333,41330,200286.4
2018,4,Alabama,2,"4,887,871",3.833333333,41330,201291.6
2019,1,Alabama,3,"4,903,185",3.566666667,43004,202118.2
2019,2,Alabama,2,"4,903,185",3.133333333,43004,202918.2
2019,3,Alabama,4,"4,903,185",3,43004,204228.6
2019,4,Alabama,3,"4,903,185",3.033333333,43004,204465.8
2020,1,Alabama,0,"5,024,279",3.3,45887,204004.9
2020,2,Alabama,5,"5,024,279",10.93333333,45887,186912.4
2020,3,Alabama,6,"5,024,279",6.566666667,45887,204205.1
2020,4,Alabama,0,"5,024,279",4.9,45887,204400.7
2021,1,Alabama,1,"5,039,877",3.933333333,50059,207001.8
2021,2,Alabama,11,"5,039,877",3.533333333,50059,209857.1
2021,3,Alabama,5,"5,039,877",3.2,50059,210029.1
2021,4,Alabama,6,"5,039,877",2.8,50059,213029.2
2022,1,Alabama,3,"5,074,296",2.566666667,50916,212789.5
2022,2,Alabama,4,"5,074,296",2.533333333,50916,212311.6
2022,3,Alabama,5,"5,074,296",2.6,50916,212946.3
2022,4,Alabama,4,"5,074,296",2.6,50916,215011.6
2014,1,Alaska,0,"736,732",6.9,55098,53780.7
2014,2,Alaska,0,"736,732",6.9,55098,54013.5
2014,3,Alaska,1,"736,732",6.766666667,55098,54271.9
2014,4,Alaska,0,"736,732",6.4,55098,54686.8
2015,1,Alaska,0,"738,432",6.266666667,56714,55210.6
2015,2,Alaska,0,"738,432",6.3,56714,54650.5
2015,3,Alaska,0,"738,432",6.2,56714,54560.8
2015,4,Alaska,0,"738,432",6.333333333,56714,54541.5
2016,1,Alaska,0,"741,894",6.466666667,55535,55065.2
2016,2,Alaska,0,"741,894",6.566666667,55535,54197.5
2016,3,Alaska,0,"741,894",6.666666667,55535,53849.2
2016,4,Alaska,0,"741,894",6.7,55535,53874.6
2017,1,Alaska,0,"739,795",6.566666667,56499,54049.9
2017,2,Alaska,0,"739,795",6.5,56499,54133.8
2017,3,Alaska,0,"739,795",6.5,56499,54771.1
2017,4,Alaska,0,"739,795",6.466666667,56499,54159.9
2018,1,Alaska,0,"737,438",6.3,58997,53587.9
2018,2,Alaska,0,"737,438",6,58997,53171
2018,3,Alaska,0,"737,438",5.9,58997,53245.9
2018,4,Alaska,0,"737,438",5.966666667,58997,53303.1
2019,1,Alaska,0,"731,545",5.866666667,60569,53136.3
2019,2,Alaska,0,"731,545",5.6,60569,53072.5
2019,3,Alaska,0,"731,545",5.566666667,60569,53940.9
2019,4,Alaska,0,"731,545",5.333333333,60569,53585.5
2020,1,Alaska,0,"733,391",5.433333333,61898,53030
2020,2,Alaska,1,"733,391",11.7,61898,48540.1
2020,3,Alaska,0,"733,391",8.833333333,61898,50181.2
2020,4,Alaska,2,"733,391",7.266666667,61898,51069.4
2021,1,Alaska,0,"732,673",7.066666667,65662,50690.3
2021,2,Alaska,1,"732,673",6.866666667,65662,50707.9
2021,3,Alaska,0,"732,673",6.233333333,65662,50935.9
2021,4,Alaska,0,"732,673",5.566666667,65662,51143.5
2022,1,Alaska,0,"733,583",4.7,68635,49070.4
2022,2,Alaska,0,"733,583",3.966666667,68635,48963.4
2022,3,Alaska,0,"733,583",3.7,68635,49999.1
2022,4,Alaska,0,"733,583",3.733333333,68635,50501.7
2014,1,Arizona,0,"6,731,484",7.1,38220,275486.8
2014,2,Arizona,1,"6,731,484",6.866666667,38220,276481
2014,3,Arizona,0,"6,731,484",6.7,38220,278221.4
2014,4,Arizona,0,"6,731,484",6.5,38220,277606.6
2015,1,Arizona,1,"6,828,065",6.3,39836,281222.8
2015,2,Arizona,3,"6,828,065",6.133333333,39836,282426.5
2015,3,Arizona,0,"6,828,065",6.033333333,39836,281689.2
2015,4,Arizona,2,"6,828,065",5.833333333,39836,284969.4
2016,1,Arizona,2,"6,931,071",5.633333333,41122,286940.7
2016,2,Arizona,1,"6,931,071",5.533333333,41122,289953.3
2016,3,Arizona,1,"6,931,071",5.433333333,41122,293674.5
2016,4,Arizona,0,"6,931,071",5.333333333,41122,294532.4
2017,1,Arizona,0,"7,016,270",5.166666667,43208,299029.1
2017,2,Arizona,1,"7,016,270",4.966666667,43208,300828.8
2017,3,Arizona,1,"7,016,270",4.866666667,43208,306349.5
2017,4,Arizona,3,"7,016,270",4.9,43208,308216.8
2018,1,Arizona,0,"7,171,646",4.833333333,45260,312663.6
2018,2,Arizona,0,"7,171,646",4.7,45260,313425.3
2018,3,Arizona,1,"7,171,646",4.733333333,45260,316005.5
2018,4,Arizona,1,"7,171,646",4.966666667,45260,317215.3
2019,1,Arizona,3,"7,278,717",4.966666667,47693,320391.8
2019,2,Arizona,1,"7,278,717",4.8,47693,323022
2019,3,Arizona,0,"7,278,717",4.766666667,47693,327457.6
2019,4,Arizona,1,"7,278,717",4.7,47693,330709.7
2020,1,Arizona,0,"7,151,502",4.833333333,52133,328587.6
2020,2,Arizona,1,"7,151,502",11.56666667,52133,310250
2020,3,Arizona,0,"7,151,502",8.166666667,52133,331692.4
2020,4,Arizona,3,"7,151,502",6.8,52133,338182.1
2021,1,Arizona,3,"7,276,316",6.2,56420,339659.7
2021,2,Arizona,1,"7,276,316",5.5,56420,344936.2
2021,3,Arizona,1,"7,276,316",4.7,56420,348706
2021,4,Arizona,0,"7,276,316",3.9,56420,357322
2022,1,Arizona,2,"7,359,197",3.6,58442,355309.3
2022,2,Arizona,5,"7,359,197",3.7,58442,353565.6
2022,3,Arizona,3,"7,359,197",3.966666667,58442,356966
2022,4,Arizona,3,"7,359,197",4.033333333,58442,359827.3
2014,1,Arkansas,0,"2,966,369",6.333333333,38218,110925
2014,2,Arkansas,1,"2,966,369",5.966666667,38218,111544.9
2014,3,Arkansas,1,"2,966,369",5.733333333,38218,112045.8
2014,4,Arkansas,0,"2,966,369",5.566666667,38218,112422.3
2015,1,Arkansas,1,"2,978,204",5.433333333,39266,111583
2015,2,Arkansas,0,"2,978,204",5.2,39266,112224.6
2015,3,Arkansas,1,"2,978,204",4.766666667,39266,112863.5
2015,4,Arkansas,0,"2,978,204",4.4,39266,112732.8
2016,1,Arkansas,0,"2,988,248",4.1,40179,112424.3
2016,2,Arkansas,0,"2,988,248",4,40179,112549.8
2016,3,Arkansas,2,"2,988,248",3.966666667,40179,112484.3
2016,4,Arkansas,1,"2,988,248",3.866666667,40179,113734.1
2017,1,Arkansas,1,"3,004,279",3.733333333,41402,113217.1
2017,2,Arkansas,1,"3,004,279",3.7,41402,113428.7
2017,3,Arkansas,1,"3,004,279",3.733333333,41402,113821.7
2017,4,Arkansas,0,"3,004,279",3.8,41402,114933.5
2018,1,Arkansas,1,"3,013,825",3.766666667,43029,115480.8
2018,2,Arkansas,1,"3,013,825",3.633333333,43029,115316.6
2018,3,Arkansas,2,"3,013,825",3.533333333,43029,116197.4
2018,4,Arkansas,2,"3,013,825",3.7,43029,116546.1
2019,1,Arkansas,3,"3,017,804",3.6,43751,116488.4
2019,2,Arkansas,0,"3,017,804",3.4,43751,116386.4
2019,3,Arkansas,0,"3,017,804",3.466666667,43751,117477.3
2019,4,Arkansas,2,"3,017,804",3.5,43751,118152.6
2020,1,Arkansas,0,"3,011,524",4,47147,118972.3
2020,2,Arkansas,4,"3,011,524",8.966666667,47147,111033
2020,3,Arkansas,9,"3,011,524",6.566666667,47147,119377.4
2020,4,Arkansas,1,"3,011,524",5.266666667,47147,119689.9
2021,1,Arkansas,1,"3,025,891",4.8,51636,121860.2
2021,2,Arkansas,2,"3,025,891",4.333333333,51636,123015.2
2021,3,Arkansas,0,"3,025,891",3.8,51636,123676.9
2021,4,Arkansas,2,"3,025,891",3.366666667,51636,124837
2022,1,Arkansas,2,"3,045,637",3.166666667,52618,126803.5
2022,2,Arkansas,2,"3,045,637",3.166666667,52618,125830.9
2022,3,Arkansas,0,"3,045,637",3.4,52618,126248.3
2022,4,Arkansas,1,"3,045,637",3.466666667,52618,127245.8
2014,1,California,8,"38,802,500",8.1,50619,2216087.8
2014,2,California,13,"38,802,500",7.7,50619,2241222.5
2014,3,California,11,"38,802,500",7.4,50619,2281298.4
2014,4,California,9,"38,802,500",7.066666667,50619,2285610.2
2015,1,California,9,"39,144,818",6.7,53817,2332010.5
2015,2,California,3,"39,144,818",6.4,53817,2362335.5
2015,3,California,8,"39,144,818",6.033333333,53817,2365812.5
2015,4,California,7,"39,144,818",5.766666667,53817,2369653.2
2016,1,California,7,"39,250,017",5.633333333,55863,2406765.8
2016,2,California,11,"39,250,017",5.5,55863,2406800.8
2016,3,California,12,"39,250,017",5.5,55863,2441320.6
2016,4,California,16,"39,250,017",5.433333333,55863,2456691.1
2017,1,California,8,"39,536,653",5.1,58214,2479092.3
2017,2,California,10,"39,536,653",4.933333333,58214,2516279.8
2017,3,California,9,"39,536,653",4.766666667,58214,2557690.3
2017,4,California,11,"39,536,653",4.533333333,58214,2599753.8
2018,1,California,3,"39,557,045",4.333333333,60984,2603286.7
2018,2,California,11,"39,557,045",4.2,60984,2635489.3
2018,3,California,11,"39,557,045",4.2,60984,2662669
2018,4,California,10,"39,557,045",4.3,60984,2674799.7
2019,1,California,7,"39,512,223",4.266666667,64174,2682675.6
2019,2,California,20,"39,512,223",4.033333333,64174,2720749.7
2019,3,California,9,"39,512,223",4,64174,2740837.8
2019,4,California,13,"39,512,223",4.1,64174,2772640.2
2020,1,California,5,"39,538,223",4.733333333,70061,2726966.1
2020,2,California,14,"39,538,223",15.2,70061,2497144.4
2020,3,California,11,"39,538,223",11.7,70061,2698461.3
2020,4,California,9,"39,538,223",9.166666667,70061,2746311.9
2021,1,California,9,"39,237,836",8.533333333,76991,2802569.5
2021,2,California,11,"39,237,836",7.966666667,76991,2858504.7
2021,3,California,14,"39,237,836",6.966666667,76991,2894880.5
2021,4,California,11,"39,237,836",5.833333333,76991,2942968.5
2022,1,California,11,"39,029,342",4.766666667,77036,2870410.5
2022,2,California,13,"39,029,342",4,77036,2866766.2
2022,3,California,14,"39,029,342",3.866666667,77036,2893948.3
2022,4,California,11,"39,029,342",4.1,77036,2911384.3
2014,1,Colorado,0,"5,355,866",5.8,50244,292113.6
2014,2,Colorado,1,"5,355,866",5.2,50244,295755.1
2014,3,Colorado,0,"5,355,866",4.633333333,50244,300430.9
2014,4,Colorado,1,"5,355,866",4.3,50244,306321.4
2015,1,Colorado,0,"5,456,574",4.1,51394,309642.5
2015,2,Colorado,0,"5,456,574",3.9,51394,311206.2
2015,3,Colorado,1,"5,456,574",3.6,51394,313371
2015,4,Colorado,2,"5,456,574",3.366666667,51394,315418.9
2016,1,Colorado,1,"5,540,545",3.3,51306,314964.4
2016,2,Colorado,2,"5,540,545",3.266666667,51306,316105.6
2016,3,Colorado,1,"5,540,545",3.1,51306,320509.4
2016,4,Colorado,0,"5,540,545",2.866666667,51306,324234
2017,1,Colorado,1,"5,607,154",2.5,54171,324788.1
2017,2,Colorado,0,"5,607,154",2.433333333,54171,327049.7
2017,3,Colorado,0,"5,607,154",2.7,54171,331876.6
2017,4,Colorado,1,"5,607,154",2.8,54171,335938.7
2018,1,Colorado,1,"5,695,564",2.9,57794,339024.9
2018,2,Colorado,2,"5,695,564",3.033333333,57794,341279.8
2018,3,Colorado,3,"5,695,564",3.133333333,57794,343556.7
2018,4,Colorado,2,"5,695,564",3.133333333,57794,347071.2
2019,1,Colorado,1,"5,758,736",2.866666667,61258,350431
2019,2,Colorado,2,"5,758,736",2.566666667,61258,355838.1
2019,3,Colorado,0,"5,758,736",2.533333333,61258,363469.4
2019,4,Colorado,2,"5,758,736",2.7,61258,364015.4
2020,1,Colorado,2,"5,773,714",3.166666667,64852,364343.9
2020,2,Colorado,2,"5,773,714",11.3,64852,333946.6
2020,3,Colorado,7,"5,773,714",6.3,64852,357012.4
2020,4,Colorado,0,"5,773,714",6.3,64852,358077.8
2021,1,Colorado,3,"5,812,069",6.233333333,71923,366673.8
2021,2,Colorado,2,"5,812,069",5.933333333,71923,371776.5
2021,3,Colorado,1,"5,812,069",5.266666667,71923,374332.1
2021,4,Colorado,7,"5,812,069",4.4,71923,382270.9
2022,1,Colorado,4,"5,839,926",3.633333333,75722,384984.6
2022,2,Colorado,3,"5,839,926",2.933333333,75722,383060
2022,3,Colorado,2,"5,839,926",2.7,75722,386374.9
2022,4,Colorado,4,"5,839,926",2.8,75722,388919.9
2014,1,Connecticut,0,"3,596,677",7.066666667,64482,231554.2
2014,2,Connecticut,0,"3,596,677",6.7,64482,234565.8
2014,3,Connecticut,1,"3,596,677",6.5,64482,237162.3
2014,4,Connecticut,0,"3,596,677",6.2,64482,239841.4
2015,1,Connecticut,0,"3,590,886",5.9,66220,242291.6
2015,2,Connecticut,2,"3,590,886",5.7,66220,243542
2015,3,Connecticut,0,"3,590,886",5.5,66220,242306.5
2015,4,Connecticut,0,"3,590,886",5.366666667,66220,242686.1
2016,1,Connecticut,0,"3,576,452",5.166666667,67550,243591.8
2016,2,Connecticut,1,"3,576,452",4.933333333,67550,242970.3
2016,3,Connecticut,3,"3,576,452",4.733333333,67550,242690.1
2016,4,Connecticut,2,"3,576,452",4.633333333,67550,243894.5
2017,1,Connecticut,0,"3,588,184",4.533333333,69146,243458
2017,2,Connecticut,0,"3,588,184",4.433333333,69146,247388.4
2017,3,Connecticut,1,"3,588,184",4.4,69146,248506.7
2017,4,Connecticut,1,"3,588,184",4.3,69146,248790.5
2018,1,Connecticut,1,"3,572,665",4.133333333,72157,248666.2
2018,2,Connecticut,1,"3,572,665",3.933333333,72157,246899.6
2018,3,Connecticut,0,"3,572,665",3.766666667,72157,250921.2
2018,4,Connecticut,0,"3,572,665",3.7,72157,249812
2019,1,Connecticut,0,"3,565,287",3.633333333,74173,251484.3
2019,2,Connecticut,2,"3,565,287",3.5,74173,251650.1
2019,3,Connecticut,1,"3,565,287",3.566666667,74173,251556.4
2019,4,Connecticut,0,"3,565,287",3.733333333,74173,251582.1
2020,1,Connecticut,2,"3,605,944",3.866666667,77383,243008.4
2020,2,Connecticut,1,"3,605,944",10.43333333,77383,220597.9
2020,3,Connecticut,3,"3,605,944",10,77383,237183.6
2020,4,Connecticut,1,"3,605,944",7.566666667,77383,240149.7
2021,1,Connecticut,0,"3,605,597",6.933333333,80691,240879.9
2021,2,Connecticut,1,"3,605,597",6.766666667,80691,246676.8
2021,3,Connecticut,1,"3,605,597",6.133333333,80691,248028.1
2021,4,Connecticut,0,"3,605,597",5.333333333,80691,250638.6
2022,1,Connecticut,1,"3,626,205",4.566666667,82938,254010.8
2022,2,Connecticut,1,"3,626,205",4.1,82938,250985.1
2022,3,Connecticut,1,"3,626,205",3.966666667,82938,252526.3
2022,4,Connecticut,0,"3,626,205",4,82938,252610.9
2014,1,Delaware,0,"935,614",5.966666667,45364,62662.9
2014,2,Delaware,0,"935,614",5.766666667,45364,64638.8
2014,3,Delaware,0,"935,614",5.5,45364,65972.4
2014,4,Delaware,0,"935,614",5.2,45364,66486.2
2015,1,Delaware,0,"945,934",4.933333333,47244,67205.5
2015,2,Delaware,1,"945,934",4.866666667,47244,68348.4
2015,3,Delaware,0,"945,934",4.733333333,47244,66082.5
2015,4,Delaware,0,"945,934",4.633333333,47244,65537.4
2016,1,Delaware,1,"952,065",4.466666667,48192,63568.9
2016,2,Delaware,1,"952,065",4.433333333,48192,63407
2016,3,Delaware,0,"952,065",4.533333333,48192,62664.9
2016,4,Delaware,0,"952,065",4.666666667,48192,62364.6
2017,1,Delaware,0,"961,939",4.633333333,50002,61651.2
2017,2,Delaware,0,"961,939",4.533333333,50002,59733.1
2017,3,Delaware,1,"961,939",4.433333333,50002,60072.4
2017,4,Delaware,0,"961,939",4.266666667,50002,59973.4
2018,1,Delaware,0,"967,171",4,52674,60369.1
2018,2,Delaware,0,"967,171",3.766666667,52674,60863.7
2018,3,Delaware,1,"967,171",3.566666667,52674,62156.8
2018,4,Delaware,0,"967,171",3.5,52674,62310.9
2019,1,Delaware,0,"973,764",3.5,53746,63295.1
2019,2,Delaware,2,"973,764",3.533333333,53746,63873.7
2019,3,Delaware,0,"973,764",3.666666667,53746,64475.1
2019,4,Delaware,0,"973,764",3.666666667,53746,64930.1
2020,1,Delaware,1,"989,948",4.1,55778,63390.8
2020,2,Delaware,0,"989,948",13.06666667,55778,59399.1
2020,3,Delaware,2,"989,948",7.5,55778,63312.7
2020,4,Delaware,0,"989,948",5.366666667,55778,63024.4
2021,1,Delaware,1,"1,003,384",5.8,58889,63357.3
2021,2,Delaware,3,"1,003,384",5.866666667,58889,64176.8
2021,3,Delaware,1,"1,003,384",5.433333333,58889,64460.9
2021,4,Delaware,1,"1,003,384",4.9,58889,65623.9
2022,1,Delaware,0,"1,018,396",4.5,63243,65345
2022,2,Delaware,0,"1,018,396",4.3,63243,65544.2
2022,3,Delaware,1,"1,018,396",4.5,63243,65846.3
2022,4,Delaware,0,"1,018,396",4.666666667,63243,66283.8
2014,1,District of Columbia,0,"658,893",7.866666667,70466,113984.1
2014,2,District of Columbia,3,"658,893",7.8,70466,114015.6
2014,3,District of Columbia,3,"658,893",7.666666667,70466,114779.9
2014,4,District of Columbia,0,"658,893",7.5,70466,115434.6
2015,1,District of Columbia,0,"672,228",7.3,74728,116180.5
2015,2,District of Columbia,0,"672,228",7.033333333,74728,117151.9
2015,3,District of Columbia,2,"672,228",6.766666667,74728,116762.1
2015,4,District of Columbia,1,"672,228",6.566666667,74728,117138.9
2016,1,District of Columbia,2,"681,170",6.3,77453,119484.1
2016,2,District of Columbia,1,"681,170",6.1,77453,119775.1
2016,3,District of Columbia,2,"681,170",6.233333333,77453,119301.7
2016,4,District of Columbia,0,"681,170",6.3,77453,120016.2
2017,1,District of Columbia,1,"693,972",6.233333333,79535,119357.8
2017,2,District of Columbia,3,"693,972",6.166666667,79535,119980.9
2017,3,District of Columbia,1,"693,972",6.066666667,79535,122017.8
2017,4,District of Columbia,0,"693,972",5.933333333,79535,121680.8
2018,1,District of Columbia,2,"702,455",5.833333333,82254,122379
2018,2,District of Columbia,1,"702,455",5.7,82254,123348
2018,3,District of Columbia,3,"702,455",5.5,82254,124775.9
2018,4,District of Columbia,0,"702,455",5.7,82254,124219
2019,1,District of Columbia,1,"705,749",5.866666667,83636,123219.3
2019,2,District of Columbia,2,"705,749",5.533333333,83636,124251.9
2019,3,District of Columbia,4,"705,749",5.266666667,83636,125113.1
2019,4,District of Columbia,0,"705,749",5.233333333,83636,125804.6
2020,1,District of Columbia,1,"689,545",5.633333333,89703,125559.2
2020,2,District of Columbia,3,"689,545",9.533333333,89703,118134.2
2020,3,District of Columbia,3,"689,545",8.466666667,89703,122164.7
2020,4,District of Columbia,1,"689,545",7.9,89703,124082.9
2021,1,District of Columbia,4,"670,050",7.133333333,97498,124274.3
2021,2,District of Columbia,5,"670,050",7.1,97498,126538.3
2021,3,District of Columbia,5,"670,050",6.833333333,97498,128234.6
2021,4,District of Columbia,2,"670,050",6.266666667,97498,128884.7
2022,1,District of Columbia,1,"671,803",5.6,95970,129192.4
2022,2,District of Columbia,3,"671,803",4.633333333,95970,128908
2022,3,District of Columbia,3,"671,803",4.033333333,95970,129224.2
2022,4,District of Columbia,2,"671,803",4.2,95970,129748.1
2014,1,Florida,4,"19,893,297",6.8,42865,803195.1
2014,2,Florida,3,"19,893,297",6.6,42865,813239.5
2014,3,Florida,5,"19,893,297",6.3,42865,822440.7
2014,4,Florida,5,"19,893,297",6.033333333,42865,830058.9
2015,1,Florida,7,"20,271,272",5.833333333,44945,837596.7
2015,2,Florida,5,"20,271,272",5.666666667,44945,849477.1
2015,3,Florida,8,"20,271,272",5.4,44945,856691.9
2015,4,Florida,6,"20,271,272",5.2,44945,865203.9
2016,1,Florida,9,"20,612,439",5.033333333,45720,866000.7
2016,2,Florida,6,"20,612,439",4.9,45720,876557.1
2016,3,Florida,9,"20,612,439",4.9,45720,889224.6
2016,4,Florida,6,"20,612,439",4.833333333,45720,894374.5
2017,1,Florida,7,"20,984,400",4.6,48439,905422.5
2017,2,Florida,9,"20,984,400",4.333333333,48439,907338.6
2017,3,Florida,4,"20,984,400",4.2,48439,913243.8
2017,4,Florida,4,"20,984,400",4.066666667,48439,924744.6
2018,1,Florida,8,"21,299,325",3.866666667,51009,935345.3
2018,2,Florida,10,"21,299,325",3.7,51009,936415.6
2018,3,Florida,7,"21,299,325",3.533333333,51009,947056.1
2018,4,Florida,5,"21,299,325",3.5,51009,947689.8
2019,1,Florida,5,"21,477,737",3.433333333,53640,957610.1
2019,2,Florida,3,"21,477,737",3.3,53640,960872.8
2019,3,Florida,2,"21,477,737",3.2,53640,968246.5
2019,4,Florida,5,"21,477,737",3.066666667,53640,975960.5
2020,1,Florida,4,"21,538,187",3.333333333,56561,969585.9
2020,2,Florida,8,"21,538,187",13.06666667,56561,891076.7
2020,3,Florida,11,"21,538,187",9.6,56561,966543.8
2020,4,Florida,11,"21,538,187",6.7,56561,973451.2
2021,1,Florida,10,"21,781,128",5.6,63078,991701
2021,2,Florida,11,"21,781,128",4.933333333,63078,1023722.9
2021,3,Florida,4,"21,781,128",4.366666667,63078,1038486.4
2021,4,Florida,6,"21,781,128",3.733333333,63078,1064392.2
2022,1,Florida,6,"22,244,823",3.3,64806,1060437.3
2022,2,Florida,8,"22,244,823",2.9,64806,1064562.7
2022,3,Florida,8,"22,244,823",2.7,64806,1074424.9
2022,4,Florida,9,"22,244,823",2.7,64806,1084295.8
2014,1,Georgia,1,"10,097,343",7.433333333,39551,462157.1
2014,2,Georgia,5,"10,097,343",7.333333333,39551,468677.1
2014,3,Georgia,6,"10,097,343",7.1,39551,473428
2014,4,Georgia,5,"10,097,343",6.7,39551,475776.8
2015,1,Georgia,7,"10,214,860",6.4,41529,482476.9
2015,2,Georgia,4,"10,214,860",6.2,41529,488730
2015,3,Georgia,6,"10,214,860",5.933333333,41529,491353.8
2015,4,Georgia,3,"10,214,860",5.766666667,41529,494168.7
2016,1,Georgia,2,"10,310,371",5.666666667,42744,502057.8
2016,2,Georgia,7,"10,310,371",5.433333333,42744,504413.9
2016,3,Georgia,5,"10,310,371",5.4,42744,507874.8
2016,4,Georgia,3,"10,310,371",5.366666667,42744,512918.2
2017,1,Georgia,4,"10,429,379",5.1,44838,518703.2
2017,2,Georgia,2,"10,429,379",4.833333333,44838,519767.7
2017,3,Georgia,1,"10,429,379",4.633333333,44838,524270.8
2017,4,Georgia,2,"10,429,379",4.466666667,44838,532479.6
2018,1,Georgia,0,"10,519,475",4.2,46626,531596
2018,2,Georgia,3,"10,519,475",4,46626,536013.1
2018,3,Georgia,3,"10,519,475",3.9,46626,542275.9
2018,4,Georgia,2,"10,519,475",3.9,46626,544533.3
2019,1,Georgia,5,"10,617,423",3.8,48535,549780.5
2019,2,Georgia,6,"10,617,423",3.566666667,48535,556686.4
2019,3,Georgia,4,"10,617,423",3.5,48535,560984.6
2019,4,Georgia,4,"10,617,423",3.433333333,48535,562006.2
2020,1,Georgia,3,"10,711,908",3.6,51469,551028
2020,2,Georgia,3,"10,711,908",10.16666667,51469,506655.7
2020,3,Georgia,6,"10,711,908",6.933333333,51469,544494.2
2020,4,Georgia,5,"10,711,908",5.233333333,51469,548285.2
2021,1,Georgia,3,"10,799,566",4.6,56184,561223.1
2021,2,Georgia,9,"10,799,566",4.1,56184,575976.2
2021,3,Georgia,6,"10,799,566",3.666666667,56184,577786.3
2021,4,Georgia,4,"10,799,566",3.3,56184,586183
2022,1,Georgia,5,"10,912,876",3.033333333,56589,588636.2
2022,2,Georgia,7,"10,912,876",2.933333333,56589,587662.5
2022,3,Georgia,10,"10,912,876",3.066666667,56589,591868.7
2022,4,Georgia,7,"10,912,876",3.1,56589,596861.8
2014,1,Idaho,0,"1,634,464",5.233333333,37128,61708.3
2014,2,Idaho,0,"1,634,464",4.366666667,37128,62213.4
2014,3,Idaho,0,"1,634,464",4,37128,62803.7
2014,4,Idaho,0,"1,634,464",3.933333333,37128,63090.7
2015,1,Idaho,0,"1,654,930",3.866666667,38838,63501
2015,2,Idaho,0,"1,654,930",3.9,38838,62844
2015,3,Idaho,0,"1,654,930",3.9,38838,63041.2
2015,4,Idaho,0,"1,654,930",3.8,38838,62938.7
2016,1,Idaho,0,"1,683,140",3.766666667,39676,64747.1
2016,2,Idaho,0,"1,683,140",3.7,39676,65294.9
2016,3,Idaho,0,"1,683,140",3.666666667,39676,66049.6
2016,4,Idaho,0,"1,683,140",3.566666667,39676,65824.6
2017,1,Idaho,0,"1,716,943",3.4,41218,65867.6
2017,2,Idaho,0,"1,716,943",3.166666667,41218,66775.5
2017,3,Idaho,0,"1,716,943",3.166666667,41218,67194.2
2017,4,Idaho,0,"1,716,943",3.133333333,41218,67926.6
2018,1,Idaho,0,"1,754,208",2.933333333,43270,69917.3
2018,2,Idaho,0,"1,754,208",2.8,43270,70512.3
2018,3,Idaho,0,"1,754,208",2.8,43270,71136.1
2018,4,Idaho,0,"1,754,208",2.966666667,43270,71863.7
2019,1,Idaho,0,"1,787,065",2.933333333,45917,73083.7
2019,2,Idaho,0,"1,787,065",2.833333333,45917,73827.2
2019,3,Idaho,0,"1,787,065",2.9,45917,74667.5
2019,4,Idaho,0,"1,787,065",2.833333333,45917,75072
2020,1,Idaho,1,"1,839,106",2.733333333,49691,75726.1
2020,2,Idaho,0,"1,839,106",9.4,49691,70182.8
2020,3,Idaho,0,"1,839,106",5.666666667,49691,76930.1
2020,4,Idaho,0,"1,839,106",4.266666667,49691,77743
2021,1,Idaho,0,"1,900,923",4,54148,79045.1
2021,2,Idaho,0,"1,900,923",3.666666667,54148,78896.8
2021,3,Idaho,0,"1,900,923",3.366666667,54148,79557.9
2021,4,Idaho,1,"1,900,923",2.966666667,54148,82875.4
2022,1,Idaho,0,"1,939,033",2.6,56614,83600.5
2022,2,Idaho,0,"1,939,033",2.533333333,56614,83427.5
2022,3,Idaho,0,"1,939,033",2.766666667,56614,84114.1
2022,4,Idaho,0,"1,939,033",2.8,56614,84869.4
2014,1,Illinois,4,"12,880,580",8.133333333,48531,728529.4
2014,2,Illinois,11,"12,880,580",7.4,48531,740200.6
2014,3,Illinois,6,"12,880,580",6.8,48531,747259.5
2014,4,Illinois,5,"12,880,580",6.333333333,48531,748786.5
2015,1,Illinois,2,"12,859,995",6.066666667,50682,748243
2015,2,Illinois,4,"12,859,995",6,50682,751309.9
2015,3,Illinois,14,"12,859,995",5.9,50682,755352.4
2015,4,Illinois,5,"12,859,995",6,50682,752114.5
2016,1,Illinois,5,"12,801,539",6.2,51340,747762.1
2016,2,Illinois,12,"12,801,539",6,51340,748754.5
2016,3,Illinois,10,"12,801,539",5.766666667,51340,746744.6
2016,4,Illinois,15,"12,801,539",5.566666667,51340,754072.8
2017,1,Illinois,8,"12,802,023",5.133333333,53049,747741.4
2017,2,Illinois,10,"12,802,023",4.9,53049,750465.5
2017,3,Illinois,16,"12,802,023",4.966666667,53049,755131.7
2017,4,Illinois,3,"12,802,023",4.8,53049,758769.2
2018,1,Illinois,4,"12,741,080",4.5,56072,767440.6
2018,2,Illinois,12,"12,741,080",4.266666667,56072,770207.4
2018,3,Illinois,16,"12,741,080",4.333333333,56072,774871.1
2018,4,Illinois,3,"12,741,080",4.5,56072,774263.1
2019,1,Illinois,5,"12,671,821",4.5,57721,775007.5
2019,2,Illinois,9,"12,671,821",4,57721,774750.5
2019,3,Illinois,22,"12,671,821",3.733333333,57721,779650.4
2019,4,Illinois,5,"12,671,821",3.633333333,57721,774584.1
2020,1,Illinois,6,"12,812,508",4.166666667,61587,757923.8
2020,2,Illinois,20,"12,812,508",15.13333333,61587,691519.8
2020,3,Illinois,32,"12,812,508",10.13333333,61587,741584.2
2020,4,Illinois,10,"12,812,508",7.9,61587,746512.4
2021,1,Illinois,11,"12,671,469",7,67278,767548.8
2021,2,Illinois,21,"12,671,469",6.466666667,67278,777898.6
2021,3,Illinois,41,"12,671,469",5.833333333,67278,780279.4
2021,4,Illinois,13,"12,671,469",5.066666667,67278,794516.3
2022,1,Illinois,7,"12,582,032",4.633333333,67655,799253
2022,2,Illinois,14,"12,582,032",4.433333333,67655,794219.2
2022,3,Illinois,24,"12,582,032",4.5,67655,798475.5
2022,4,Illinois,12,"12,582,032",4.6,67655,799928.6
2014,1,Indiana,4,"6,596,855",6.3,40721,312831.5
2014,2,Indiana,2,"6,596,855",6.066666667,40721,317865.2
2014,3,Indiana,1,"6,596,855",5.833333333,40721,319484.1
2014,4,Indiana,1,"6,596,855",5.6,40721,316951.4
2015,1,Indiana,1,"6,619,680",5.233333333,42149,312883.7
2015,2,Indiana,2,"6,619,680",4.8,42149,314704.3
2015,3,Indiana,4,"6,619,680",4.566666667,42149,313221.5
2015,4,Indiana,2,"6,619,680",4.533333333,42149,314195.2
2016,1,Indiana,0,"6,633,053",4.6,43145,315453.4
2016,2,Indiana,4,"6,633,053",4.5,43145,318480.5
2016,3,Indiana,4,"6,633,053",4.3,43145,321320.7
2016,4,Indiana,0,"6,633,053",4.066666667,43145,323151.4
2017,1,Indiana,2,"6,666,818",3.666666667,44570,322081.2
2017,2,Indiana,2,"6,666,818",3.4,44570,323505.8
2017,3,Indiana,2,"6,666,818",3.5,44570,324918.9
2017,4,Indiana,1,"6,666,818",3.4,44570,329484.6
2018,1,Indiana,2,"6,691,878",3.3,46556,334624.8
2018,2,Indiana,3,"6,691,878",3.4,46556,335816.6
2018,3,Indiana,0,"6,691,878",3.466666667,46556,337396.6
2018,4,Indiana,1,"6,691,878",3.566666667,46556,337470.2
2019,1,Indiana,2,"6,732,219",3.4,48270,335743.9
2019,2,Indiana,5,"6,732,219",3.233333333,48270,337162.6
2019,3,Indiana,2,"6,732,219",3.233333333,48270,339127
2019,4,Indiana,1,"6,732,219",3.3,48270,339575.3
2020,1,Indiana,1,"6,785,528",3.4,51719,336332.9
2020,2,Indiana,2,"6,785,528",13.16666667,51719,302558.9
2020,3,Indiana,1,"6,785,528",7.533333333,51719,333913
2020,4,Indiana,3,"6,785,528",5.266666667,51719,336306.7
2021,1,Indiana,5,"6,805,985",4.533333333,56934,341620.8
2021,2,Indiana,5,"6,805,985",4.166666667,56934,346166.2
2021,3,Indiana,4,"6,805,985",3.7,56934,345596.3
2021,4,Indiana,0,"6,805,985",3.166666667,56934,351580.2
2022,1,Indiana,1,"6,833,037",2.833333333,58323,355006.7
2022,2,Indiana,6,"6,833,037",2.866666667,58323,352022.4
2022,3,Indiana,8,"6,833,037",3.1,58323,351779.7
2022,4,Indiana,0,"6,833,037",3.166666667,58323,353015
2014,1,Iowa,0,"3,107,126",4.4,44123,161833.6
2014,2,Iowa,0,"3,107,126",4.3,44123,166714
2014,3,Iowa,0,"3,107,126",4.2,44123,168976.1
2014,4,Iowa,0,"3,107,126",4,44123,168953.1
2015,1,Iowa,0,"3,123,899",3.833333333,45445,170548.1
2015,2,Iowa,1,"3,123,899",3.733333333,45445,170919.9
2015,3,Iowa,0,"3,123,899",3.6,45445,171492.5
2015,4,Iowa,1,"3,123,899",3.6,45445,171545.5
2016,1,Iowa,0,"3,134,693",3.6,45672,170765.2
2016,2,Iowa,0,"3,134,693",3.633333333,45672,169126.9
2016,3,Iowa,0,"3,134,693",3.6,45672,170998.7
2016,4,Iowa,0,"3,134,693",3.466666667,45672,170665.6
2017,1,Iowa,0,"3,145,711",3.233333333,46769,170477.2
2017,2,Iowa,2,"3,145,711",3.1,46769,171037
2017,3,Iowa,0,"3,145,711",3.033333333,46769,170036.8
2017,4,Iowa,0,"3,145,711",2.866666667,46769,171998.9
2018,1,Iowa,0,"3,156,145",2.7,48775,173235.8
2018,2,Iowa,0,"3,156,145",2.533333333,48775,174084.1
2018,3,Iowa,0,"3,156,145",2.5,48775,173694.9
2018,4,Iowa,0,"3,156,145",2.566666667,48775,173176.1
2019,1,Iowa,0,"3,155,070",2.6,49663,170447.3
2019,2,Iowa,2,"3,155,070",2.6,49663,171741.9
2019,3,Iowa,0,"3,155,070",2.733333333,49663,175301.6
2019,4,Iowa,1,"3,155,070",2.733333333,49663,177397.1
2020,1,Iowa,0,"3,190,369",2.6,52586,173979.9
2020,2,Iowa,2,"3,190,369",8.633333333,52586,159659.9
2020,3,Iowa,2,"3,190,369",5.233333333,52586,172700.1
2020,4,Iowa,0,"3,190,369",4.333333333,52586,177489.6
2021,1,Iowa,1,"3,193,079",4.2,58049,184430.3
2021,2,Iowa,0,"3,193,079",4.133333333,58049,182618.1
2021,3,Iowa,1,"3,193,079",3.8,58049,175641.3
2021,4,Iowa,3,"3,193,079",3.133333333,58049,176322.1
2022,1,Iowa,1,"3,200,517",2.533333333,60222,177421.2
2022,2,Iowa,1,"3,200,517",2.433333333,60222,177060.3
2022,3,Iowa,0,"3,200,517",2.933333333,60222,177199.1
2022,4,Iowa,0,"3,200,517",3.066666667,60222,176679.4
2014,1,Kansas,0,"2,904,021",4.733333333,46290,140392.4
2014,2,Kansas,0,"2,904,021",4.566666667,46290,144158.9
2014,3,Kansas,0,"2,904,021",4.433333333,46290,147706.8
2014,4,Kansas,0,"2,904,021",4.3,46290,149118.5
2015,1,Kansas,1,"2,911,641",4.366666667,46597,146337.4
2015,2,Kansas,0,"2,911,641",4.3,46597,148746.8
2015,3,Kansas,0,"2,911,641",4.033333333,46597,149641.6
2015,4,Kansas,0,"2,911,641",3.9,46597,150516.3
2016,1,Kansas,3,"2,907,289",3.9,46718,150695.9
2016,2,Kansas,2,"2,907,289",4,46718,153390.5
2016,3,Kansas,0,"2,907,289",4.1,46718,154970
2016,4,Kansas,0,"2,907,289",4.066666667,46718,155724.9
2017,1,Kansas,1,"2,913,123",3.8,48272,155419.9
2017,2,Kansas,2,"2,913,123",3.6,48272,155172.6
2017,3,Kansas,0,"2,913,123",3.6,48272,155336.8
2017,4,Kansas,1,"2,913,123",3.466666667,48272,156129.3
2018,1,Kansas,1,"2,911,510",3.433333333,50283,157148.5
2018,2,Kansas,1,"2,911,510",3.333333333,50283,158346.5
2018,3,Kansas,0,"2,911,510",3.3,50283,159837.7
2018,4,Kansas,0,"2,911,510",3.366666667,50283,159605
2019,1,Kansas,0,"2,913,314",3.333333333,52127,158640.1
2019,2,Kansas,1,"2,913,314",3.233333333,52127,160104.8
2019,3,Kansas,2,"2,913,314",3.266666667,52127,160401.7
2019,4,Kansas,1,"2,913,314",3.266666667,52127,160158.1
2020,1,Kansas,0,"2,937,880",3.266666667,55041,163507.5
2020,2,Kansas,1,"2,937,880",9.733333333,55041,149456.2
2020,3,Kansas,0,"2,937,880",5.866666667,55041,160314
2020,4,Kansas,1,"2,937,880",4.533333333,55041,160115.5
2021,1,Kansas,0,"2,934,582",3.733333333,58569,159725.7
2021,2,Kansas,1,"2,934,582",3.5,58569,162553.7
2021,3,Kansas,1,"2,934,582",3.266666667,58569,162695.6
2021,4,Kansas,0,"2,934,582",2.733333333,58569,164188.6
2022,1,Kansas,0,"2,937,150",2.433333333,60424,165266
2022,2,Kansas,1,"2,937,150",2.5,60424,164225.9
2022,3,Kansas,0,"2,937,150",2.8,60424,164996.9
2022,4,Kansas,2,"2,937,150",2.933333333,60424,165268.5
2014,1,Kentucky,0,"4,413,457",7.333333333,37226,180217.5
2014,2,Kentucky,1,"4,413,457",6.733333333,37226,182049.5
2014,3,Kentucky,1,"4,413,457",6.066666667,37226,182139.4
2014,4,Kentucky,2,"4,413,457",5.533333333,37226,181480.8
2015,1,Kentucky,0,"4,425,092",5.3,38768,181655.9
2015,2,Kentucky,2,"4,425,092",5.233333333,38768,183361.8
2015,3,Kentucky,2,"4,425,092",5.2,38768,183140.1
2015,4,Kentucky,0,"4,425,092",5.2,38768,183506.2
2016,1,Kentucky,0,"4,436,974",5.133333333,39321,181195
2016,2,Kentucky,1,"4,436,974",4.933333333,39321,183857.4
2016,3,Kentucky,0,"4,436,974",4.966666667,39321,185801
2016,4,Kentucky,1,"4,436,974",5.1,39321,185606.5
2017,1,Kentucky,1,"4,454,189",5.033333333,40404,184468.2
2017,2,Kentucky,2,"4,454,189",4.933333333,40404,185520.2
2017,3,Kentucky,1,"4,454,189",4.733333333,40404,186156.4
2017,4,Kentucky,2,"4,454,189",4.4,40404,187537.8
2018,1,Kentucky,4,"4,468,402",4.2,41658,186580.9
2018,2,Kentucky,0,"4,468,402",4.2,41658,188249.5
2018,3,Kentucky,0,"4,468,402",4.2,41658,188091
2018,4,Kentucky,0,"4,468,402",4.2,41658,188785.2
2019,1,Kentucky,2,"4,467,673",4.166666667,43445,190556
2019,2,Kentucky,3,"4,467,673",4.1,43445,192370.7
2019,3,Kentucky,0,"4,467,673",4.1,43445,193633.8
2019,4,Kentucky,0,"4,467,673",4.033333333,43445,195327.2
2020,1,Kentucky,0,"4,505,836",4.1,47026,193361
2020,2,Kentucky,4,"4,505,836",11.6,47026,174321.8
2020,3,Kentucky,6,"4,505,836",5.333333333,47026,192693.9
2020,4,Kentucky,0,"4,505,836",4.766666667,47026,193208.6
2021,1,Kentucky,1,"4,509,394",4.533333333,51561,195481.6
2021,2,Kentucky,1,"4,509,394",4.5,51561,197455.1
2021,3,Kentucky,1,"4,509,394",4.466666667,51561,197955.6
2021,4,Kentucky,1,"4,509,394",4.2,51561,200380.8
2022,1,Kentucky,1,"4,512,310",3.9,51921,201437.4
2022,2,Kentucky,4,"4,512,310",3.833333333,51921,200547.4
2022,3,Kentucky,3,"4,512,310",3.966666667,51921,201214.4
2022,4,Kentucky,1,"4,512,310",3.933333333,51921,202302.2
2014,1,Louisiana,2,"4,649,676",5.633333333,42533,228593.4
2014,2,Louisiana,4,"4,649,676",6,42533,234835.9
2014,3,Louisiana,4,"4,649,676",6.566666667,42533,238232.2
2014,4,Louisiana,1,"4,649,676",6.8,42533,239758.9
2015,1,Louisiana,0,"4,670,724",6.7,42484,235729.6
2015,2,Louisiana,3,"4,670,724",6.4,42484,233505.1
2015,3,Louisiana,7,"4,670,724",6.066666667,42484,232551.8
2015,4,Louisiana,5,"4,670,724",6,42484,230277.4
2016,1,Louisiana,3,"4,681,666",6.066666667,42132,228352.8
2016,2,Louisiana,3,"4,681,666",6.1,42132,228008.5
2016,3,Louisiana,4,"4,681,666",6.1,42132,228056.5
2016,4,Louisiana,4,"4,681,666",6,42132,229296.3
2017,1,Louisiana,4,"4,684,333",5.666666667,43486,232183.7
2017,2,Louisiana,3,"4,684,333",5.233333333,43486,233015.5
2017,3,Louisiana,3,"4,684,333",4.833333333,43486,234003
2017,4,Louisiana,5,"4,684,333",4.7,43486,234204.4
2018,1,Louisiana,1,"4,659,978",4.733333333,45464,236904.5
2018,2,Louisiana,6,"4,659,978",4.9,45464,237538.5
2018,3,Louisiana,3,"4,659,978",4.866666667,45464,237502.3
2018,4,Louisiana,3,"4,659,978",4.8,45464,237247.9
2019,1,Louisiana,4,"4,648,794",4.6,47009,237800.9
2019,2,Louisiana,8,"4,648,794",4.4,47009,236743.1
2019,3,Louisiana,5,"4,648,794",4.666666667,47009,237569.8
2019,4,Louisiana,9,"4,648,794",4.8,47009,236064.5
2020,1,Louisiana,3,"4,657,757",5.4,50243,228455.8
2020,2,Louisiana,7,"4,657,757",12.23333333,50243,207356.9
2020,3,Louisiana,9,"4,657,757",9.366666667,50243,220884.5
2020,4,Louisiana,8,"4,657,757",7.666666667,50243,216989.5
2021,1,Louisiana,8,"4,624,047",6.8,54531,217163.4
2021,2,Louisiana,10,"4,624,047",6.133333333,54531,222838.7
2021,3,Louisiana,6,"4,624,047",5.166666667,54531,222078.6
2021,4,Louisiana,8,"4,624,047",4.3,54531,222530.2
2022,1,Louisiana,6,"4,590,241",3.866666667,54501,217427.2
2022,2,Louisiana,12,"4,590,241",3.533333333,54501,215768.5
2022,3,Louisiana,4,"4,590,241",3.533333333,54501,217109.3
2022,4,Louisiana,6,"4,590,241",3.566666667,54501,218318.4
2014,1,Maine,0,"1,330,089",6,41140,53404.5
2014,2,Maine,0,"1,330,089",5.7,41140,53887.3
2014,3,Maine,1,"1,330,089",5.4,41140,54229
2014,4,Maine,0,"1,330,089",5.133333333,41140,54630.7
2015,1,Maine,0,"1,329,328",4.8,42943,53828.5
2015,2,Maine,0,"1,329,328",4.5,42943,54413.2
2015,3,Maine,0,"1,329,328",4.2,42943,54488.2
2015,4,Maine,0,"1,329,328",4.033333333,42943,54973.2
2016,1,Maine,0,"1,331,479",3.933333333,44238,54977.2
2016,2,Maine,0,"1,331,479",3.833333333,44238,55630.8
2016,3,Maine,0,"1,331,479",3.733333333,44238,55574.2
2016,4,Maine,0,"1,331,479",3.6,44238,56079.2
2017,1,Maine,0,"1,335,907",3.433333333,45909,56208.4
2017,2,Maine,0,"1,335,907",3.4,45909,56046.9
2017,3,Maine,1,"1,335,907",3.4,45909,56584.1
2017,4,Maine,0,"1,335,907",3.2,45909,57038.1
2018,1,Maine,0,"1,338,404",3.033333333,47732,57682.7
2018,2,Maine,0,"1,338,404",3.1,47732,58108.2
2018,3,Maine,0,"1,338,404",3.3,47732,58457.5
2018,4,Maine,0,"1,338,404",3.266666667,47732,58151.1
2019,1,Maine,0,"1,344,212",3,49976,58882.1
2019,2,Maine,0,"1,344,212",2.733333333,49976,59025.4
2019,3,Maine,0,"1,344,212",2.9,49976,59791.4
2019,4,Maine,0,"1,344,212",3.133333333,49976,60514.5
2020,1,Maine,1,"1,362,359",3.2,54301,60361.4
2020,2,Maine,0,"1,362,359",8.433333333,54301,56312.8
2020,3,Maine,0,"1,362,359",4.866666667,54301,60724.8
2020,4,Maine,0,"1,362,359",3.966666667,54301,62126.8
2021,1,Maine,0,"1,372,247",4.6,58687,62452.2
2021,2,Maine,0,"1,372,247",4.9,58687,63374.6
2021,3,Maine,0,"1,372,247",4.766666667,58687,63875.6
2021,4,Maine,0,"1,372,247",4.2,58687,64675.9
2022,1,Maine,0,"1,385,340",3.233333333,60599,64601.5
2022,2,Maine,0,"1,385,340",2.633333333,60599,64399.7
2022,3,Maine,0,"1,385,340",2.8,60599,64844.4
2022,4,Maine,0,"1,385,340",3.1,60599,65216.6
2014,1,Maryland,0,"5,976,407",6,53084,335102.1
2014,2,Maryland,1,"5,976,407",5.833333333,53084,339734.1
2014,3,Maryland,0,"5,976,407",5.633333333,53084,342581.1
2014,4,Maryland,0,"5,976,407",5.466666667,53084,341001.2
2015,1,Maryland,1,"6,006,401",5.333333333,55041,345663.3
2015,2,Maryland,5,"6,006,401",5.1,55041,346588.1
2015,3,Maryland,3,"6,006,401",4.866666667,55041,348800.5
2015,4,Maryland,4,"6,006,401",4.666666667,55041,351555.2
2016,1,Maryland,0,"6,016,447",4.4,56614,355809.1
2016,2,Maryland,5,"6,016,447",4.3,56614,358933.1
2016,3,Maryland,3,"6,016,447",4.233333333,56614,361442.7
2016,4,Maryland,3,"6,016,447",4.233333333,56614,364142.9
2017,1,Maryland,0,"6,052,177",4.033333333,58251,363424.3
2017,2,Maryland,3,"6,052,177",3.9,58251,364590.2
2017,3,Maryland,4,"6,052,177",4,58251,366846
2017,4,Maryland,1,"6,052,177",4.066666667,58251,369957.1
2018,1,Maryland,0,"6,042,718",4.033333333,59919,366856.3
2018,2,Maryland,3,"6,042,718",3.833333333,59919,368519.5
2018,3,Maryland,5,"6,042,718",3.7,59919,368436.1
2018,4,Maryland,1,"6,042,718",3.7,59919,368097.7
2019,1,Maryland,2,"6,045,680",3.533333333,61707,364881
2019,2,Maryland,7,"6,045,680",3.4,61707,368231.4
2019,3,Maryland,6,"6,045,680",3.366666667,61707,369344.7
2019,4,Maryland,5,"6,045,680",3.266666667,61707,369768.6
2020,1,Maryland,3,"6,177,224",3.466666667,64825,360145.3
2020,2,Maryland,3,"6,177,224",8.633333333,64825,334847
2020,3,Maryland,6,"6,177,224",7.3,64825,356775.6
2020,4,Maryland,6,"6,177,224",6.666666667,64825,357768
2021,1,Maryland,1,"6,165,129",6.2,69052,368282.1
2021,2,Maryland,6,"6,165,129",5.766666667,69052,365495.6
2021,3,Maryland,4,"6,165,129",5.2,69052,368244.1
2021,4,Maryland,9,"6,165,129",4.1,69052,372262.5
2022,1,Maryland,4,"6,164,660",3.433333333,70228,368399.8
2022,2,Maryland,6,"6,164,660",3.133333333,70228,367554.3
2022,3,Maryland,6,"6,164,660",3.266666667,70228,369230.5
2022,4,Maryland,3,"6,164,660",3.1,70228,369534.6
2014,1,Massachusetts,0,"6,745,408",6.1,58141,442835.2
2014,2,Massachusetts,2,"6,745,408",5.866666667,58141,447318.4
2014,3,Massachusetts,2,"6,745,408",5.633333333,58141,454755.2
2014,4,Massachusetts,0,"6,745,408",5.366666667,58141,461366.9
2015,1,Massachusetts,2,"6,794,422",5.1,61548,463496.5
2015,2,Massachusetts,2,"6,794,422",4.9,61548,468617.9
2015,3,Massachusetts,1,"6,794,422",4.666666667,61548,467518.8
2015,4,Massachusetts,0,"6,794,422",4.5,61548,472610.4
2016,1,Massachusetts,1,"6,811,779",4.3,63487,470642.9
2016,2,Massachusetts,1,"6,811,779",4.066666667,63487,473992.3
2016,3,Massachusetts,1,"6,811,779",3.9,63487,479256.3
2016,4,Massachusetts,0,"6,811,779",3.9,63487,477504.6
2017,1,Massachusetts,0,"6,859,819",3.8,66076,476325.4
2017,2,Massachusetts,0,"6,859,819",3.8,66076,479771.5
2017,3,Massachusetts,0,"6,859,819",3.8,66076,485071
2017,4,Massachusetts,1,"6,859,819",3.766666667,66076,490065.8
2018,1,Massachusetts,0,"6,902,149",3.666666667,69195,496467.4
2018,2,Massachusetts,1,"6,902,149",3.533333333,69195,501189.9
2018,3,Massachusetts,0,"6,902,149",3.4,69195,503551.8
2018,4,Massachusetts,0,"6,902,149",3.3,69195,504956.7
2019,1,Massachusetts,0,"6,892,503",3.166666667,72359,510381.5
2019,2,Massachusetts,1,"6,892,503",3.033333333,72359,512748.8
2019,3,Massachusetts,2,"6,892,503",2.966666667,72359,515787.7
2019,4,Massachusetts,2,"6,892,503",2.9,72359,517765.4
2020,1,Massachusetts,0,"7,029,917",2.8,77393,516216.1
2020,2,Massachusetts,3,"7,029,917",15.6,77393,469194.2
2020,3,Massachusetts,3,"7,029,917",11.1,77393,500082.5
2020,4,Massachusetts,2,"7,029,917",8.2,77393,514511
2021,1,Massachusetts,0,"6,984,723",6.733333333,83461,520143.7
2021,2,Massachusetts,1,"6,984,723",5.966666667,83461,530568.1
2021,3,Massachusetts,3,"6,984,723",5.166666667,83461,537050.8
2021,4,Massachusetts,0,"6,984,723",4.233333333,83461,544645.6
2022,1,Massachusetts,0,"6,981,974",3.866666667,84561,543416.9
2022,2,Massachusetts,0,"6,981,974",3.7,84561,539880.6
2022,3,Massachusetts,2,"6,981,974",3.766666667,84561,544117
2022,4,Massachusetts,1,"6,981,974",3.733333333,84561,548072.4
2014,1,Michigan,1,"9,909,877",8,40830,427505.7
2014,2,Michigan,3,"9,909,877",7.533333333,40830,434565.9
2014,3,Michigan,3,"9,909,877",7,40830,437823
2014,4,Michigan,3,"9,909,877",6.4,40830,437357.9
2015,1,Michigan,1,"9,922,576",5.9,42984,440203.6
2015,2,Michigan,6,"9,922,576",5.6,42984,443599.2
2015,3,Michigan,3,"9,922,576",5.233333333,42984,445313.7
2015,4,Michigan,1,"9,922,576",4.966666667,42984,446208.4
2016,1,Michigan,3,"9,928,300",4.933333333,44081,447036.4
2016,2,Michigan,2,"9,928,300",5,44081,453264.3
2016,3,Michigan,5,"9,928,300",5.033333333,44081,453219.5
2016,4,Michigan,1,"9,928,300",5.066666667,44081,455780.7
2017,1,Michigan,3,"9,962,311",4.666666667,45264,454425.8
2017,2,Michigan,1,"9,962,311",4.333333333,45264,456943.6
2017,3,Michigan,2,"9,962,311",4.6,45264,457622.9
2017,4,Michigan,2,"9,962,311",4.7,45264,461463.8
2018,1,Michigan,3,"9,995,915",4.4,47088,466551.3
2018,2,Michigan,2,"9,995,915",4.033333333,47088,468072.7
2018,3,Michigan,2,"9,995,915",4.033333333,47088,467649.4
2018,4,Michigan,1,"9,995,915",4.166666667,47088,463964.3
2019,1,Michigan,0,"9,986,857",4.166666667,48569,464485.1
2019,2,Michigan,2,"9,986,857",4.1,48569,465850.2
2019,3,Michigan,1,"9,986,857",4.1,48569,469360.9
2019,4,Michigan,6,"9,986,857",3.9,48569,468731.7
2020,1,Michigan,1,"10,077,331",3.766666667,52786,461865.4
2020,2,Michigan,5,"10,077,331",18.7,52786,406391.9
2020,3,Michigan,14,"10,077,331",10.33333333,52786,461198.3
2020,4,Michigan,1,"10,077,331",7.2,52786,464365.7
2021,1,Michigan,2,"10,050,811",6.366666667,56601,469497.8
2021,2,Michigan,11,"10,050,811",6.2,56601,485125
2021,3,Michigan,8,"10,050,811",5.9,56601,484788.4
2021,4,Michigan,5,"10,050,811",4.933333333,56601,487700.9
2022,1,Michigan,1,"10,034,118",4.233333333,57038,490748.1
2022,2,Michigan,10,"10,034,118",4,57038,488661.1
2022,3,Michigan,13,"10,034,118",4.233333333,57038,490719.9
2022,4,Michigan,1,"10,034,118",4.366666667,57038,491143
2014,1,Minnesota,0,"5,457,173",4.633333333,49365,309035.2
2014,2,Minnesota,0,"5,457,173",4.4,49365,313840.3
2014,3,Minnesota,1,"5,457,173",4.1,49365,317541
2014,4,Minnesota,0,"5,457,173",3.933333333,49365,315948.9
2015,1,Minnesota,0,"5,489,594",3.8,51362,318594.9
2015,2,Minnesota,0,"5,489,594",3.8,51362,317362.4
2015,3,Minnesota,4,"5,489,594",3.8,51362,318761.2
2015,4,Minnesota,1,"5,489,594",3.766666667,51362,320934.4
2016,1,Minnesota,0,"5,519,952",3.8,51990,320479.4
2016,2,Minnesota,3,"5,519,952",3.8,51990,321655.3
2016,3,Minnesota,1,"5,519,952",3.933333333,51990,326836.3
2016,4,Minnesota,1,"5,519,952",3.966666667,51990,327150.2
2017,1,Minnesota,1,"5,576,606",3.7,53832,328947.8
2017,2,Minnesota,1,"5,576,606",3.5,53832,327108.3
2017,3,Minnesota,0,"5,576,606",3.4,53832,325164.4
2017,4,Minnesota,2,"5,576,606",3.333333333,53832,328712.3
2018,1,Minnesota,0,"5,611,179",3.066666667,56205,332970.5
2018,2,Minnesota,1,"5,611,179",2.933333333,56205,336235.3
2018,3,Minnesota,1,"5,611,179",2.933333333,56205,338978.6
2018,4,Minnesota,1,"5,611,179",3.166666667,56205,339384.7
2019,1,Minnesota,0,"5,639,632",3.266666667,57874,337487.5
2019,2,Minnesota,1,"5,639,632",3.2,57874,339308.7
2019,3,Minnesota,0,"5,639,632",3.233333333,57874,342364.7
2019,4,Minnesota,1,"5,639,632",3.3,57874,343067.7
2020,1,Minnesota,0,"5,706,494",3.5,61278,337282.4
2020,2,Minnesota,4,"5,706,494",9.5,61278,309700.2
2020,3,Minnesota,2,"5,706,494",6.933333333,61278,331040.1
2020,4,Minnesota,0,"5,706,494",5.133333333,61278,335935.5
2021,1,Minnesota,1,"5,707,390",4.3,66846,339113.7
2021,2,Minnesota,3,"5,707,390",3.933333333,66846,348488.9
2021,3,Minnesota,3,"5,707,390",3.7,66846,346693.2
2021,4,Minnesota,4,"5,707,390",3.2,66846,350521.5
2022,1,Minnesota,2,"5,717,184",2.6,68840,349908
2022,2,Minnesota,2,"5,717,184",2.366666667,68840,348770.4
2022,3,Minnesota,8,"5,717,184",2.733333333,68840,350741.2
2022,4,Minnesota,0,"5,717,184",2.966666667,68840,351838.6
2014,1,Mississippi,2,"2,994,079",8,34624,99408.8
2014,2,Mississippi,0,"2,994,079",7.8,34624,101090.9
2014,3,Mississippi,2,"2,994,079",7.5,34624,100392
2014,4,Mississippi,1,"2,994,079",7.066666667,34624,100242.8
2015,1,Mississippi,1,"2,992,333",6.733333333,35100,99985.4
2015,2,Mississippi,0,"2,992,333",6.5,35100,100502.7
2015,3,Mississippi,1,"2,992,333",6.3,35100,100780.7
2015,4,Mississippi,0,"2,992,333",6.4,35100,100660.9
2016,1,Mississippi,2,"2,988,726",6.2,35638,101619
2016,2,Mississippi,1,"2,988,726",5.966666667,35638,101140.2
2016,3,Mississippi,1,"2,988,726",5.9,35638,100976.9
2016,4,Mississippi,2,"2,988,726",5.8,35638,101285
2017,1,Mississippi,5,"2,984,100",5.5,36580,101967.5
2017,2,Mississippi,2,"2,984,100",5.333333333,36580,100978.8
2017,3,Mississippi,1,"2,984,100",5.166666667,36580,100965.7
2017,4,Mississippi,4,"2,984,100",4.933333333,36580,101069.1
2018,1,Mississippi,1,"2,986,530",4.9,37624,100849.2
2018,2,Mississippi,2,"2,986,530",4.866666667,37624,101405.4
2018,3,Mississippi,0,"2,986,530",4.866666667,37624,100860.4
2018,4,Mississippi,0,"2,986,530",5.2,37624,100375.6
2019,1,Mississippi,1,"2,976,149",5.4,39157,100004.5
2019,2,Mississippi,3,"2,976,149",5.433333333,39157,100214.1
2019,3,Mississippi,1,"2,976,149",5.666666667,39157,101231.3
2019,4,Mississippi,1,"2,976,149",5.6,39157,102481.5
2020,1,Mississippi,3,"2,961,279",5.766666667,42513,102637.9
2020,2,Mississippi,5,"2,961,279",12.06666667,42513,93612
2020,3,Mississippi,4,"2,961,279",7.633333333,42513,102849.8
2020,4,Mississippi,5,"2,961,279",6.733333333,42513,103007.9
2021,1,Mississippi,5,"2,949,965",6.366666667,46577,103755.6
2021,2,Mississippi,0,"2,949,965",5.9,46577,104810.9
2021,3,Mississippi,1,"2,949,965",5.233333333,46577,104449.7
2021,4,Mississippi,7,"2,949,965",4.5,46577,104397.6
2022,1,Mississippi,2,"2,940,057",3.966666667,46370,104742.8
2022,2,Mississippi,3,"2,940,057",3.7,46370,104455.1
2022,3,Mississippi,4,"2,940,057",3.9,46370,104277.1
2022,4,Mississippi,5,"2,940,057",4.066666667,46370,104666.1
2014,1,Missouri,0,"6,063,589",6.566666667,41380,271224.3
2014,2,Missouri,1,"6,063,589",6.3,41380,275190.8
2014,3,Missouri,4,"6,063,589",6,41380,278362
2014,4,Missouri,3,"6,063,589",5.733333333,41380,279545.6
2015,1,Missouri,2,"6,083,672",5.6,42677,279367.1
2015,2,Missouri,4,"6,083,672",5.333333333,42677,279819.1
2015,3,Missouri,7,"6,083,672",4.9,42677,279702.3
2015,4,Missouri,0,"6,083,672",4.6,42677,277194.9
2016,1,Missouri,2,"6,093,000",4.433333333,43826,278546.2
2016,2,Missouri,1,"6,093,000",4.6,43826,278223.6
2016,3,Missouri,5,"6,093,000",4.7,43826,278576.5
2016,4,Missouri,2,"6,093,000",4.466666667,43826,281090.2
2017,1,Missouri,3,"6,113,532",4.066666667,44781,279402
2017,2,Missouri,5,"6,113,532",3.733333333,44781,281021.2
2017,3,Missouri,2,"6,113,532",3.6,44781,281466.1
2017,4,Missouri,0,"6,113,532",3.566666667,44781,283124.1
2018,1,Missouri,2,"6,126,452",3.5,46680,282020.5
2018,2,Missouri,3,"6,126,452",3.2,46680,284918
2018,3,Missouri,4,"6,126,452",3.066666667,46680,285534.7
2018,4,Missouri,5,"6,126,452",3.2,46680,285687.8
2019,1,Missouri,0,"6,137,428",3.266666667,48401,288322.9
2019,2,Missouri,5,"6,137,428",3.033333333,48401,289665.3
2019,3,Missouri,8,"6,137,428",3.2,48401,292273.4
2019,4,Missouri,5,"6,137,428",3.333333333,48401,292216.5
2020,1,Missouri,6,"6,154,913",3.4,52095,288830.3
2020,2,Missouri,6,"6,154,913",9.633333333,52095,266048.3
2020,3,Missouri,7,"6,154,913",6.533333333,52095,286515.9
2020,4,Missouri,3,"6,154,913",5.2,52095,289622
2021,1,Missouri,1,"6,168,187",4.8,56073,291959.7
2021,2,Missouri,7,"6,168,187",4.4,56073,296052.5
2021,3,Missouri,5,"6,168,187",3.833333333,56073,296322.7
2021,4,Missouri,3,"6,168,187",3.3,56073,298414.3
2022,1,Missouri,4,"6,177,957",2.7,57818,300810.2
2022,2,Missouri,1,"6,177,957",2.166666667,57818,299283.7
2022,3,Missouri,7,"6,177,957",2.4,57818,300582.9
2022,4,Missouri,2,"6,177,957",2.7,57818,302028.4
2014,1,Montana,0,"1,023,579",4.9,41855,43256.3
2014,2,Montana,0,"1,023,579",4.7,41855,43737.8
2014,3,Montana,0,"1,023,579",4.6,41855,43990.3
2014,4,Montana,0,"1,023,579",4.466666667,41855,44332.1
2015,1,Montana,0,"1,032,949",4.3,43100,45453.2
2015,2,Montana,1,"1,032,949",4.266666667,43100,45617.1
2015,3,Montana,0,"1,032,949",4.3,43100,45656.7
2015,4,Montana,0,"1,032,949",4.3,43100,44856
2016,1,Montana,0,"1,042,520",4.4,43306,44460.9
2016,2,Montana,0,"1,042,520",4.366666667,43306,43884.2
2016,3,Montana,0,"1,042,520",4.3,43306,44228.5
2016,4,Montana,0,"1,042,520",4.233333333,43306,45173.6
2017,1,Montana,0,"1,050,493",4.133333333,45373,45675.8
2017,2,Montana,0,"1,050,493",4.1,45373,46273.8
2017,3,Montana,1,"1,050,493",4.1,45373,46110.7
2017,4,Montana,0,"1,050,493",4.033333333,45373,45836.8
2018,1,Montana,0,"1,062,305",3.9,47211,46697.2
2018,2,Montana,0,"1,062,305",3.733333333,47211,46688.6
2018,3,Montana,0,"1,062,305",3.7,47211,46453.7
2018,4,Montana,0,"1,062,305",3.666666667,47211,46497
2019,1,Montana,1,"1,068,778",3.566666667,49647,46678
2019,2,Montana,0,"1,068,778",3.433333333,49647,46539.6
2019,3,Montana,0,"1,068,778",3.5,49647,47171.8
2019,4,Montana,1,"1,068,778",3.5,49647,47155.5
2020,1,Montana,0,"1,084,225",3.5,53546,46849
2020,2,Montana,0,"1,084,225",9.566666667,53546,44159.2
2020,3,Montana,0,"1,084,225",5.866666667,53546,47814.1
2020,4,Montana,0,"1,084,225",4.433333333,53546,48179.4
2021,1,Montana,0,"1,104,271",3.833333333,58344,48378.2
2021,2,Montana,0,"1,104,271",3.6,58344,48684.8
2021,3,Montana,0,"1,104,271",3.266666667,58344,48869.4
2021,4,Montana,0,"1,104,271",2.833333333,58344,49972.5
2022,1,Montana,0,"1,122,867",2.533333333,60984,49718.2
2022,2,Montana,0,"1,122,867",2.633333333,60984,49585.7
2022,3,Montana,0,"1,122,867",2.7,60984,49772.5
2022,4,Montana,0,"1,122,867",2.666666667,60984,49932.5
2014,1,Nebraska,0,"1,881,503",3.466666667,48195,106608.4
2014,2,Nebraska,0,"1,881,503",3.333333333,48195,108198.2
2014,3,Nebraska,0,"1,881,503",3.166666667,48195,108136.7
2014,4,Nebraska,0,"1,881,503",3.033333333,48195,108803.7
2015,1,Nebraska,1,"1,896,190",2.933333333,49716,110248.8
2015,2,Nebraska,1,"1,896,190",3,49716,111564.3
2015,3,Nebraska,0,"1,896,190",3,49716,111970.3
2015,4,Nebraska,1,"1,896,190",3,49716,111822.4
2016,1,Nebraska,0,"1,907,116",3,48695,111123.9
2016,2,Nebraska,0,"1,907,116",3.033333333,48695,111774.2
2016,3,Nebraska,0,"1,907,116",3.1,48695,113042.3
2016,4,Nebraska,0,"1,907,116",3.133333333,48695,114505.7
2017,1,Nebraska,0,"1,920,076",3.033333333,49538,112986.2
2017,2,Nebraska,0,"1,920,076",2.9,49538,114051.3
2017,3,Nebraska,0,"1,920,076",2.966666667,49538,114154.1
2017,4,Nebraska,0,"1,920,076",3,49538,115384.1
2018,1,Nebraska,0,"1,929,268",2.9,51439,116964.4
2018,2,Nebraska,3,"1,929,268",2.866666667,51439,116344.4
2018,3,Nebraska,0,"1,929,268",2.9,51439,116459
2018,4,Nebraska,0,"1,929,268",3.033333333,51439,117403.9
2019,1,Nebraska,0,"1,934,408",3.1,53450,116811.1
2019,2,Nebraska,1,"1,934,408",3.1,53450,117510.4
2019,3,Nebraska,0,"1,934,408",3.166666667,53450,119333.5
2019,4,Nebraska,0,"1,934,408",3.133333333,53450,120759.9
2020,1,Nebraska,0,"1,961,504",3.5,56733,119303.3
2020,2,Nebraska,0,"1,961,504",6.533333333,56733,111597.6
2020,3,Nebraska,1,"1,961,504",4.033333333,56733,119738.9
2020,4,Nebraska,1,"1,961,504",3.166666667,56733,121926.3
2021,1,Nebraska,0,"1,963,692",2.966666667,62682,120744.5
2021,2,Nebraska,0,"1,963,692",2.8,62682,122711.6
2021,3,Nebraska,1,"1,963,692",2.666666667,62682,122550.7
2021,4,Nebraska,0,"1,963,692",2.333333333,62682,122537.7
2022,1,Nebraska,1,"1,967,923",2.033333333,64268,124031.1
2022,2,Nebraska,1,"1,967,923",2.1,64268,123486.2
2022,3,Nebraska,2,"1,967,923",2.533333333,64268,123850.1
2022,4,Nebraska,1,"1,967,923",2.7,64268,122790.9
2014,1,Nevada,1,"2,839,099",8.766666667,41112,130015.2
2014,2,Nevada,0,"2,839,099",8.333333333,41112,130135.1
2014,3,Nevada,2,"2,839,099",7.933333333,41112,130961.5
2014,4,Nevada,1,"2,839,099",7.6,41112,132477.6
2015,1,Nevada,0,"2,890,845",7.3,43783,134062
2015,2,Nevada,0,"2,890,845",7,43783,136171.9
2015,3,Nevada,1,"2,890,845",6.7,43783,137033.7
2015,4,Nevada,0,"2,890,845",6.4,43783,138121.9
2016,1,Nevada,0,"2,940,058",6.166666667,44700,138070.8
2016,2,Nevada,3,"2,940,058",5.9,44700,138500.2
2016,3,Nevada,0,"2,940,058",5.666666667,44700,141800.9
2016,4,Nevada,0,"2,940,058",5.5,44700,141952.9
2017,1,Nevada,0,"2,998,039",5.3,46977,143961.8
2017,2,Nevada,0,"2,998,039",5,46977,144988.5
2017,3,Nevada,0,"2,998,039",4.8,46977,146925.5
2017,4,Nevada,2,"2,998,039",4.833333333,46977,146066.4
2018,1,Nevada,0,"3,034,392",4.633333333,49278,149168.1
2018,2,Nevada,0,"3,034,392",4.4,49278,149753.1
2018,3,Nevada,1,"3,034,392",4.2,49278,150458.9
2018,4,Nevada,3,"3,034,392",4.3,49278,152411.9
2019,1,Nevada,2,"3,080,156",4.266666667,51905,154866.9
2019,2,Nevada,0,"3,080,156",4.033333333,51905,155909.4
2019,3,Nevada,1,"3,080,156",4,51905,157766.3
2019,4,Nevada,0,"3,080,156",4.133333333,51905,159293.9
2020,1,Nevada,0,"3,104,614",5.266666667,54650,157147.1
2020,2,Nevada,0,"3,104,614",24.7,54650,132382.1
2020,3,Nevada,1,"3,104,614",14.43333333,54650,147506.8
2020,4,Nevada,3,"3,104,614",10.4,54650,148934.1
2021,1,Nevada,1,"3,143,991",8.5,61024,152028.4
2021,2,Nevada,0,"3,143,991",7.333333333,61024,158620.1
2021,3,Nevada,3,"3,143,991",6.3,61024,162356.1
2021,4,Nevada,1,"3,143,991",5.633333333,61024,165264.7
2022,1,Nevada,2,"3,177,772",5.333333333,62085,163894.1
2022,2,Nevada,2,"3,177,772",5.2,62085,164287.4
2022,3,Nevada,1,"3,177,772",5.4,62085,165741.9
2022,4,Nevada,0,"3,177,772",5.5,62085,167896.9
2014,1,New Hampshire,0,"1,326,813",4.7,51993,68741.5
2014,2,New Hampshire,0,"1,326,813",4.4,51993,70257.8
2014,3,New Hampshire,0,"1,326,813",4.2,51993,70198.3
2014,4,New Hampshire,0,"1,326,813",4,51993,71657.2
2015,1,New Hampshire,0,"1,330,608",3.766666667,54166,70546.3
2015,2,New Hampshire,0,"1,330,608",3.5,54166,71998.9
2015,3,New Hampshire,0,"1,330,608",3.266666667,54166,72008.4
2015,4,New Hampshire,0,"1,330,608",3.033333333,54166,73616.1
2016,1,New Hampshire,0,"1,334,795",2.866666667,55681,72992.2
2016,2,New Hampshire,0,"1,334,795",2.866666667,55681,73600.7
2016,3,New Hampshire,0,"1,334,795",2.9,55681,74073.1
2016,4,New Hampshire,0,"1,334,795",2.9,55681,73622.7
2017,1,New Hampshire,0,"1,342,795",2.866666667,57882,73611.2
2017,2,New Hampshire,0,"1,342,795",2.766666667,57882,73334.9
2017,3,New Hampshire,0,"1,342,795",2.8,57882,74548.6
2017,4,New Hampshire,0,"1,342,795",2.8,57882,74396.2
2018,1,New Hampshire,0,"1,356,458",2.7,60338,75448.6
2018,2,New Hampshire,0,"1,356,458",2.666666667,60338,75414.1
2018,3,New Hampshire,0,"1,356,458",2.566666667,60338,75645.7
2018,4,New Hampshire,0,"1,356,458",2.566666667,60338,75223.5
2019,1,New Hampshire,0,"1,359,711",2.566666667,63934,77160.5
2019,2,New Hampshire,0,"1,359,711",2.5,63934,76712.6
2019,3,New Hampshire,0,"1,359,711",2.6,63934,76756
2019,4,New Hampshire,0,"1,359,711",2.6,63934,76647.1
2020,1,New Hampshire,0,"1,377,529",2.6,67883,77494.8
2020,2,New Hampshire,0,"1,377,529",12.43333333,67883,70274.6
2020,3,New Hampshire,0,"1,377,529",6.966666667,67883,77056.3
2020,4,New Hampshire,0,"1,377,529",4.866666667,67883,78884.8
2021,1,New Hampshire,0,"1,388,992",4.066666667,72214,79001.1
2021,2,New Hampshire,0,"1,388,992",3.633333333,72214,83106.2
2021,3,New Hampshire,1,"1,388,992",3.2,72214,83544.8
2021,4,New Hampshire,0,"1,388,992",2.7,72214,86292.9
2022,1,New Hampshire,0,"1,395,231",2.2,73910,83076.4
2022,2,New Hampshire,0,"1,395,231",2.233333333,73910,82558
2022,3,New Hampshire,0,"1,395,231",2.666666667,73910,82936.7
2022,4,New Hampshire,0,"1,395,231",2.9,73910,83446.6
2014,1,New Jersey,1,"8,938,175",7.133333333,56383,519694.3
2014,2,New Jersey,1,"8,938,175",6.733333333,56383,522217.4
2014,3,New Jersey,2,"8,938,175",6.6,56383,523532
2014,4,New Jersey,2,"8,938,175",6.466666667,56383,523222.2
2015,1,New Jersey,1,"8,958,013",6.266666667,58425,527694.4
2015,2,New Jersey,5,"8,958,013",5.966666667,58425,530518.1
2015,3,New Jersey,3,"8,958,013",5.466666667,58425,531457.6
2015,4,New Jersey,0,"8,958,013",5.1,58425,530144.9
2016,1,New Jersey,1,"8,944,469",5,59793,535255.2
2016,2,New Jersey,3,"8,944,469",5,59793,533957.9
2016,3,New Jersey,3,"8,944,469",4.966666667,59793,535544.4
2016,4,New Jersey,2,"8,944,469",4.8,59793,535463.6
2017,1,New Jersey,1,"9,005,644",4.533333333,61716,532816.4
2017,2,New Jersey,4,"9,005,644",4.466666667,61716,536889
2017,3,New Jersey,7,"9,005,644",4.566666667,61716,539904.9
2017,4,New Jersey,1,"9,005,644",4.566666667,61716,540703.9
2018,1,New Jersey,2,"8,908,520",4.366666667,64206,546114.1
2018,2,New Jersey,3,"8,908,520",4.1,64206,548108.8
2018,3,New Jersey,4,"8,908,520",3.9,64206,551326.5
2018,4,New Jersey,1,"8,908,520",3.666666667,64206,554688.7
2019,1,New Jersey,3,"8,882,190",3.4,67484,555174.5
2019,2,New Jersey,6,"8,882,190",3.166666667,67484,558323.5
2019,3,New Jersey,0,"8,882,190",3.433333333,67484,562684.5
2019,4,New Jersey,2,"8,882,190",3.8,67484,562412.5
2020,1,New Jersey,0,"9,288,994",4.066666667,70957,556862.9
2020,2,New Jersey,2,"9,288,994",14.86666667,70957,497580.7
2020,3,New Jersey,7,"9,288,994",11.7,70957,541270
2020,4,New Jersey,3,"9,288,994",7.166666667,70957,545581.5
2021,1,New Jersey,0,"9,267,130",7.166666667,76079,559072.4
2021,2,New Jersey,8,"9,267,130",7.033333333,76079,563421.3
2021,3,New Jersey,4,"9,267,130",6.566666667,76079,567906.5
2021,4,New Jersey,2,"9,267,130",5.666666667,76079,577172.6
2022,1,New Jersey,2,"9,261,699",4.6,77199,579620.4
2022,2,New Jersey,4,"9,261,699",3.633333333,77199,578197.6
2022,3,New Jersey,1,"9,261,699",3.133333333,77199,583732.2
2022,4,New Jersey,2,"9,261,699",3.3,77199,585266.7
2014,1,New Mexico,0,"2,085,572",6.733333333,36880,87062.8
2014,2,New Mexico,0,"2,085,572",6.666666667,36880,88264.3
2014,3,New Mexico,1,"2,085,572",6.566666667,36880,89562.8
2014,4,New Mexico,0,"2,085,572",6.4,36880,91074.8
2015,1,New Mexico,1,"2,085,109",6.6,37753,90364.3
2015,2,New Mexico,0,"2,085,109",6.7,37753,89656.1
2015,3,New Mexico,1,"2,085,109",6.6,37753,89558.8
2015,4,New Mexico,0,"2,085,109",6.5,37753,89226
2016,1,New Mexico,0,"2,081,015",6.533333333,38475,89614.2
2016,2,New Mexico,2,"2,081,015",6.7,38475,89265.5
2016,3,New Mexico,1,"2,081,015",6.9,38475,88787.5
2016,4,New Mexico,1,"2,081,015",6.866666667,38475,88938.2
2017,1,New Mexico,0,"2,088,070",6.6,39197,88528.1
2017,2,New Mexico,1,"2,088,070",6.233333333,39197,88773.9
2017,3,New Mexico,1,"2,088,070",5.833333333,39197,89282.8
2017,4,New Mexico,0,"2,088,070",5.5,39197,89266.7
2018,1,New Mexico,0,"2,095,428",5.066666667,40977,89931.8
2018,2,New Mexico,0,"2,095,428",4.733333333,40977,90804.1
2018,3,New Mexico,0,"2,095,428",4.8,40977,91189.2
2018,4,New Mexico,2,"2,095,428",5.1,40977,91809.4
2019,1,New Mexico,1,"2,096,829",5.066666667,43191,92668
2019,2,New Mexico,0,"2,096,829",4.933333333,43191,94177.9
2019,3,New Mexico,3,"2,096,829",4.9,43191,96095
2019,4,New Mexico,0,"2,096,829",4.933333333,43191,96648.8
2020,1,New Mexico,1,"2,117,522",5.4,46631,96699.5
2020,2,New Mexico,1,"2,117,522",9.1,46631,87891.1
2020,3,New Mexico,0,"2,117,522",8.766666667,46631,92675.2
2020,4,New Mexico,0,"2,117,522",8.433333333,46631,92719.3
2021,1,New Mexico,1,"2,115,877",8.066666667,51141,92692.4
2021,2,New Mexico,0,"2,115,877",7.566666667,51141,92652.9
2021,3,New Mexico,0,"2,115,877",6.733333333,51141,93601.6
2021,4,New Mexico,0,"2,115,877",5.866666667,51141,95553.3
2022,1,New Mexico,1,"2,113,344",5,52194,94307.1
2022,2,New Mexico,1,"2,113,344",4.1,52194,93750.5
2022,3,New Mexico,2,"2,113,344",3.5,52194,94739.4
2022,4,New Mexico,0,"2,113,344",3.5,52194,95856.7
2014,1,New York,2,"19,746,227",6.833333333,54495,1337404.1
2014,2,New York,2,"19,746,227",6.4,54495,1346698.6
2014,3,New York,4,"19,746,227",6.1,54495,1360167.7
2014,4,New York,6,"19,746,227",5.833333333,54495,1369371.2
2015,1,New York,3,"19,795,791",5.633333333,56603,1366210.5
2015,2,New York,10,"19,795,791",5.4,56603,1380773.9
2015,3,New York,7,"19,795,791",5.033333333,56603,1382066
2015,4,New York,1,"19,795,791",4.866666667,56603,1365521.5
2016,1,New York,1,"19,745,289",4.8,58392,1403156.6
2016,2,New York,3,"19,745,289",4.833333333,58392,1408836.5
2016,3,New York,5,"19,745,289",4.966666667,58392,1398333
2016,4,New York,6,"19,745,289",4.9,58392,1402596
2017,1,New York,2,"19,849,399",4.633333333,62196,1415084.2
2017,2,New York,3,"19,849,399",4.6,62196,1405950.9
2017,3,New York,6,"19,849,399",4.7,62196,1414753.6
2017,4,New York,2,"19,849,399",4.6,62196,1440659.6
2018,1,New York,1,"19,542,209",4.4,64218,1443916
2018,2,New York,4,"19,542,209",4.1,64218,1459048.4
2018,3,New York,6,"19,542,209",3.9,64218,1470488.9
2018,4,New York,2,"19,542,209",4,64218,1460076.4
2019,1,New York,1,"19,453,561",3.9,66415,1485313.9
2019,2,New York,2,"19,453,561",3.733333333,66415,1504078.5
2019,3,New York,3,"19,453,561",3.833333333,66415,1506282.5
2019,4,New York,3,"19,453,561",3.933333333,66415,1507658.7
2020,1,New York,2,"20,201,249",4.1,69873,1489185.1
2020,2,New York,12,"20,201,249",15.23333333,69873,1347704.9
2020,3,New York,18,"20,201,249",11.13333333,69873,1442509.1
2020,4,New York,6,"20,201,249",8.933333333,69873,1450628.9
2021,1,New York,3,"19,835,913",8.266666667,75948,1471477.6
2021,2,New York,8,"19,835,913",7.533333333,75948,1504178.3
2021,3,New York,16,"19,835,913",6.633333333,75948,1525423.5
2021,4,New York,9,"19,835,913",5.633333333,75948,1558037.6
2022,1,New York,2,"19,677,151",4.733333333,75407,1556072.2
2022,2,New York,9,"19,677,151",4.166666667,75407,1558885.5
2022,3,New York,14,"19,677,151",3.966666667,75407,1568540.1
2022,4,New York,6,"19,677,151",4.133333333,75407,1568677.2
2014,1,North Carolina,2,"9,943,964",6.333333333,39866,459640
2014,2,North Carolina,0,"9,943,964",6.233333333,39866,460118.2
2014,3,North Carolina,1,"9,943,964",6.066666667,39866,464182.8
2014,4,North Carolina,0,"9,943,964",5.8,39866,465071.3
2015,1,North Carolina,1,"10,042,802",5.733333333,41617,472330.5
2015,2,North Carolina,3,"10,042,802",5.8,41617,475687.2
2015,3,North Carolina,5,"10,042,802",5.666666667,41617,476293.5
2015,4,North Carolina,3,"10,042,802",5.433333333,41617,476075.1
2016,1,North Carolina,0,"10,146,788",5.233333333,42582,480088.1
2016,2,North Carolina,2,"10,146,788",5.066666667,42582,479327.9
2016,3,North Carolina,3,"10,146,788",5.066666667,42582,482965
2016,4,North Carolina,4,"10,146,788",5.033333333,42582,489494.6
2017,1,North Carolina,0,"10,273,419",4.733333333,44207,492575.9
2017,2,North Carolina,2,"10,273,419",4.5,44207,492728.7
2017,3,North Carolina,4,"10,273,419",4.5,44207,495281.9
2017,4,North Carolina,1,"10,273,419",4.366666667,44207,500298.5
2018,1,North Carolina,1,"10,383,620",4.1,46040,498603.2
2018,2,North Carolina,8,"10,383,620",3.933333333,46040,502248.8
2018,3,North Carolina,0,"10,383,620",3.933333333,46040,501868.4
2018,4,North Carolina,1,"10,383,620",4,46040,503539.3
2019,1,North Carolina,0,"10,488,084",3.933333333,48366,506751.7
2019,2,North Carolina,4,"10,488,084",3.8,48366,510250.2
2019,3,North Carolina,4,"10,488,084",3.9,48366,515076.9
2019,4,North Carolina,3,"10,488,084",3.833333333,48366,519260.5
2020,1,North Carolina,5,"10,439,388",3.866666667,51781,517199.1
2020,2,North Carolina,7,"10,439,388",11.83333333,51781,474916.8
2020,3,North Carolina,4,"10,439,388",7.533333333,51781,514459.9
2020,4,North Carolina,4,"10,439,388",5.866666667,51781,520056.7
2021,1,North Carolina,5,"10,551,162",5.5,56705,531416.3
2021,2,North Carolina,7,"10,551,162",5.1,56705,538422.9
2021,3,North Carolina,5,"10,551,162",4.766666667,56705,542333.1
2021,4,North Carolina,5,"10,551,162",4.133333333,56705,555562.7
2022,1,North Carolina,4,"10,698,973",3.433333333,58109,557783.2
2022,2,North Carolina,5,"10,698,973",3.433333333,58109,556844.3
2022,3,North Carolina,7,"10,698,973",3.833333333,58109,559515.8
2022,4,North Carolina,5,"10,698,973",3.866666667,58109,563897.1
2014,1,Ohio,1,"11,594,163",6.4,42278,563073.5
2014,2,Ohio,2,"11,594,163",5.9,42278,572742.7
2014,3,Ohio,1,"11,594,163",5.6,42278,580227.1
2014,4,Ohio,3,"11,594,163",5.3,42278,580668.4
2015,1,Ohio,1,"11,613,423",5.2,43801,577230.6
2015,2,Ohio,4,"11,613,423",5,43801,579208.4
2015,3,Ohio,6,"11,613,423",4.766666667,43801,577316.9
2015,4,Ohio,2,"11,613,423",4.833333333,43801,581653.6
2016,1,Ohio,1,"11,614,373",5,44576,578825.6
2016,2,Ohio,1,"11,614,373",5,44576,583061.9
2016,3,Ohio,5,"11,614,373",5.033333333,44576,585958.7
2016,4,Ohio,4,"11,614,373",5.266666667,44576,587939.3
2017,1,Ohio,8,"11,658,609",5.2,46116,590770.4
2017,2,Ohio,4,"11,658,609",5.033333333,46116,593711
2017,3,Ohio,3,"11,658,609",4.933333333,46116,595436.7
2017,4,Ohio,6,"11,658,609",4.7,46116,594626
2018,1,Ohio,1,"11,689,442",4.6,47822,593829.8
2018,2,Ohio,2,"11,689,442",4.5,47822,595618.9
2018,3,Ohio,5,"11,689,442",4.4,47822,599926.1
2018,4,Ohio,2,"11,689,442",4.5,47822,602327.2
2019,1,Ohio,0,"11,689,100",4.233333333,49404,606905.1
2019,2,Ohio,6,"11,689,100",3.966666667,49404,611108.6
2019,3,Ohio,4,"11,689,100",4.2,49404,616757.2
2019,4,Ohio,4,"11,689,100",4.333333333,49404,618234.4
2020,1,Ohio,2,"11,799,448",4.566666667,52879,608669.9
2020,2,Ohio,7,"11,799,448",13.36666667,52879,552493.3
2020,3,Ohio,11,"11,799,448",8.666666667,52879,603832.5
2020,4,Ohio,5,"11,799,448",6.566666667,52879,611578.8
2021,1,Ohio,2,"11,780,017",5.866666667,57026,617796
2021,2,Ohio,16,"11,780,017",5.433333333,57026,627586.2
2021,3,Ohio,11,"11,780,017",4.9,57026,629811.9
2021,4,Ohio,3,"11,780,017",4.333333333,57026,641954.1
2022,1,Ohio,2,"11,756,058",4,57777,639198.7
2022,2,Ohio,3,"11,756,058",3.9,57777,637360.7
2022,3,Ohio,10,"11,756,058",4.066666667,57777,639223.6
2022,4,Ohio,4,"11,756,058",4.133333333,57777,639856.9
2014,1,Oklahoma,1,"3,878,051",4.733333333,45882,181783.4
2014,2,Oklahoma,1,"3,878,051",4.4,45882,186038.8
2014,3,Oklahoma,0,"3,878,051",4.166666667,45882,193371.2
2014,4,Oklahoma,0,"3,878,051",4.033333333,45882,196246.6
2015,1,Oklahoma,2,"3,911,338",4.1,44277,197496.8
2015,2,Oklahoma,2,"3,911,338",4.366666667,44277,194216.4
2015,3,Oklahoma,1,"3,911,338",4.333333333,44277,198073.1
2015,4,Oklahoma,0,"3,911,338",4.366666667,44277,198501.2
2016,1,Oklahoma,0,"3,923,561",4.533333333,42052,195112.9
2016,2,Oklahoma,0,"3,923,561",4.733333333,42052,193384
2016,3,Oklahoma,0,"3,923,561",4.766666667,42052,192349.5
2016,4,Oklahoma,1,"3,923,561",4.6,42052,191254.1
2017,1,Oklahoma,0,"3,930,864",4.3,43871,192200.7
2017,2,Oklahoma,1,"3,930,864",4.033333333,43871,194805.6
2017,3,Oklahoma,0,"3,930,864",3.966666667,43871,194595.1
2017,4,Oklahoma,0,"3,930,864",3.833333333,43871,194467.3
2018,1,Oklahoma,1,"3,943,079",3.6,46029,195248.3
2018,2,Oklahoma,2,"3,943,079",3.3,46029,196578.4
2018,3,Oklahoma,1,"3,943,079",3.1,46029,197700.8
2018,4,Oklahoma,1,"3,943,079",3.166666667,46029,200285.4
2019,1,Oklahoma,0,"3,956,971",3.166666667,48172,199653.6
2019,2,Oklahoma,2,"3,956,971",3.033333333,48172,199926.6
2019,3,Oklahoma,0,"3,956,971",3.166666667,48172,202903.2
2019,4,Oklahoma,2,"3,956,971",3.166666667,48172,202162.6
2020,1,Oklahoma,0,"3,959,353",3.166666667,50249,199196.3
2020,2,Oklahoma,0,"3,959,353",10.13333333,50249,183394.4
2020,3,Oklahoma,1,"3,959,353",6.6,50249,195221.3
2020,4,Oklahoma,1,"3,959,353",5.366666667,50249,192129.8
2021,1,Oklahoma,1,"3,986,639",4.866666667,55165,194233.1
2021,2,Oklahoma,0,"3,986,639",4.466666667,55165,194128.9
2021,3,Oklahoma,0,"3,986,639",3.7,55165,191043.1
2021,4,Oklahoma,1,"3,986,639",3.033333333,55165,193515
2022,1,Oklahoma,0,"4,019,800",2.833333333,56298,190164.4
2022,2,Oklahoma,2,"4,019,800",2.9,56298,189412.1
2022,3,Oklahoma,2,"4,019,800",3.166666667,56298,191961.4
2022,4,Oklahoma,4,"4,019,800",3.2,56298,194014.4
2014,1,Oregon,0,"3,970,239",7.1,41653,177320.9
2014,2,Oregon,0,"3,970,239",6.8,41653,180402
2014,3,Oregon,1,"3,970,239",6.5,41653,183127.8
2014,4,Oregon,1,"3,970,239",6.166666667,41653,184031.6
2015,1,Oregon,0,"4,028,977",5.766666667,44166,187512.6
2015,2,Oregon,0,"4,028,977",5.6,44166,188693.3
2015,3,Oregon,1,"4,028,977",5.4,44166,191591.6
2015,4,Oregon,1,"4,028,977",5.1,44166,191988.7
2016,1,Oregon,1,"4,093,465",4.9,45467,196414.7
2016,2,Oregon,1,"4,093,465",4.9,45467,197346.3
2016,3,Oregon,0,"4,093,465",4.8,45467,198035.1
2016,4,Oregon,0,"4,093,465",4.4,45467,200521.2
2017,1,Oregon,0,"4,142,776",4,47565,201828.6
2017,2,Oregon,0,"4,142,776",3.966666667,47565,204421.9
2017,3,Oregon,0,"4,142,776",4.133333333,47565,206307.8
2017,4,Oregon,0,"4,142,776",4.133333333,47565,209537.7
2018,1,Oregon,0,"4,190,713",4.033333333,50209,212227.5
2018,2,Oregon,0,"4,190,713",3.866666667,50209,213785.5
2018,3,Oregon,0,"4,190,713",4,50209,216476.3
2018,4,Oregon,0,"4,190,713",4.266666667,50209,217120.9
2019,1,Oregon,0,"4,217,737",4.1,52178,217500.9
2019,2,Oregon,1,"4,217,737",3.766666667,52178,218191.9
2019,3,Oregon,0,"4,217,737",3.6,52178,220157.4
2019,4,Oregon,0,"4,217,737",3.433333333,52178,222501.8
2020,1,Oregon,0,"4,237,256",3.6,56507,221376.7
2020,2,Oregon,0,"4,237,256",11.9,56507,203537.3
2020,3,Oregon,1,"4,237,256",8.233333333,56507,218088.4
2020,4,Oregon,1,"4,237,256",6.733333333,56507,219972.1
2021,1,Oregon,2,"4,246,155",6.266666667,61646,223980.4
2021,2,Oregon,1,"4,246,155",5.633333333,61646,226780.1
2021,3,Oregon,3,"4,246,155",4.8,61646,227437.1
2021,4,Oregon,1,"4,246,155",4.133333333,61646,233718.7
2022,1,Oregon,3,"4,240,137",3.666666667,62303,233502.6
2022,2,Oregon,1,"4,240,137",3.733333333,62303,232587.9
2022,3,Oregon,1,"4,240,137",4.333333333,62303,234942.3
2022,4,Oregon,1,"4,240,137",4.8,62303,238191.8
2014,1,Pennsylvania,2,"12,787,209",6.4,47469,658669.3
2014,2,Pennsylvania,0,"12,787,209",6.1,47469,667370.3
2014,3,Pennsylvania,6,"12,787,209",5.7,47469,674954.4
2014,4,Pennsylvania,2,"12,787,209",5.533333333,47469,677578.5
2015,1,Pennsylvania,0,"12,802,503",5.5,49293,681668.5
2015,2,Pennsylvania,5,"12,802,503",5.466666667,49293,682275.1
2015,3,Pennsylvania,4,"12,802,503",5.333333333,49293,681854.9
2015,4,Pennsylvania,5,"12,802,503",5.266666667,49293,684065.8
2016,1,Pennsylvania,1,"12,784,227",5.3,50574,685221.1
2016,2,Pennsylvania,1,"12,784,227",5.4,50574,686226.4
2016,3,Pennsylvania,7,"12,784,227",5.4,50574,691450.6
2016,4,Pennsylvania,1,"12,784,227",5.266666667,50574,690539.4
2017,1,Pennsylvania,2,"12,805,537",5.133333333,51888,689260.2
2017,2,Pennsylvania,4,"12,805,537",4.966666667,51888,691862.1
2017,3,Pennsylvania,6,"12,805,537",4.9,51888,698695.6
2017,4,Pennsylvania,4,"12,805,537",4.9,51888,699648.5
2018,1,Pennsylvania,3,"12,807,060",4.7,54468,699846.4
2018,2,Pennsylvania,4,"12,807,060",4.4,54468,702143.7
2018,3,Pennsylvania,8,"12,807,060",4.266666667,54468,706537.5
2018,4,Pennsylvania,4,"12,807,060",4.3,54468,707583.8
2019,1,Pennsylvania,2,"12,801,989",4.366666667,56125,709027.9
2019,2,Pennsylvania,6,"12,801,989",4.233333333,56125,713563.3
2019,3,Pennsylvania,6,"12,801,989",4.266666667,56125,718536.4
2019,4,Pennsylvania,5,"12,801,989",4.433333333,56125,719115.1
2020,1,Pennsylvania,2,"13,002,700",4.7,60320,708225.7
2020,2,Pennsylvania,11,"13,002,700",13.46666667,60320,633368
2020,3,Pennsylvania,18,"13,002,700",9.566666667,60320,687974.9
2020,4,Pennsylvania,3,"13,002,700",7.933333333,60320,694260.9
2021,1,Pennsylvania,10,"12,964,056",7.2,64042,700244.2
2021,2,Pennsylvania,4,"12,964,056",6.4,64042,708188.4
2021,3,Pennsylvania,13,"12,964,056",5.7,64042,710466.4
2021,4,Pennsylvania,8,"12,964,056",4.833333333,64042,724993.3
2022,1,Pennsylvania,4,"12,972,008",4.433333333,64506,723032.4
2022,2,Pennsylvania,10,"12,972,008",4.3,64506,721324.2
2022,3,Pennsylvania,12,"12,972,008",4.3,64506,727015.7
2022,4,Pennsylvania,8,"12,972,008",4.366666667,64506,732770.1
2014,1,Rhode Island,0,"1,055,173",8.7,46639,52074.8
2014,2,Rhode Island,0,"1,055,173",8.033333333,46639,52123.3
2014,3,Rhode Island,1,"1,055,173",7.433333333,46639,52202
2014,4,Rhode Island,0,"1,055,173",6.9,46639,52773.4
2015,1,Rhode Island,0,"1,056,298",6.5,48058,52630.8
2015,2,Rhode Island,1,"1,056,298",6.166666667,48058,52908.6
2015,3,Rhode Island,0,"1,056,298",5.8,48058,52652.4
2015,4,Rhode Island,0,"1,056,298",5.633333333,48058,53084.5
2016,1,Rhode Island,0,"1,056,426",5.5,48523,52347.2
2016,2,Rhode Island,0,"1,056,426",5.366666667,48523,52769.2
2016,3,Rhode Island,0,"1,056,426",5.2,48523,53461.7
2016,4,Rhode Island,0,"1,056,426",4.9,48523,53032.4
2017,1,Rhode Island,0,"1,059,639",4.533333333,50423,52294.2
2017,2,Rhode Island,0,"1,059,639",4.4,50423,52526.4
2017,3,Rhode Island,0,"1,059,639",4.533333333,50423,53172
2017,4,Rhode Island,0,"1,059,639",4.566666667,50423,52774.7
2018,1,Rhode Island,0,"1,057,315",4.366666667,52135,52526.9
2018,2,Rhode Island,0,"1,057,315",4,52135,52621.5
2018,3,Rhode Island,0,"1,057,315",3.9,52135,52347.2
2018,4,Rhode Island,0,"1,057,315",3.866666667,52135,52717.5
2019,1,Rhode Island,0,"1,059,361",3.7,55105,53455.3
2019,2,Rhode Island,0,"1,059,361",3.5,55105,53389.5
2019,3,Rhode Island,0,"1,059,361",3.5,55105,53279.4
2019,4,Rhode Island,0,"1,059,361",3.5,55105,53521.5
2020,1,Rhode Island,0,"1,097,379",3.633333333,59066,52990.8
2020,2,Rhode Island,0,"1,097,379",15.56666667,59066,47834.2
2020,3,Rhode Island,0,"1,097,379",10.66666667,59066,52235.6
2020,4,Rhode Island,0,"1,097,379",6.966666667,59066,53003.9
2021,1,Rhode Island,0,"1,095,610",6.266666667,63663,52818.7
2021,2,Rhode Island,1,"1,095,610",6,63663,54858.9
2021,3,Rhode Island,1,"1,095,610",5.533333333,63663,54877.3
2021,4,Rhode Island,0,"1,095,610",4.233333333,63663,55869.2
2022,1,Rhode Island,0,"1,093,734",3.233333333,63557,55217.8
2022,2,Rhode Island,0,"1,093,734",3,63557,55294.8
2022,3,Rhode Island,0,"1,093,734",3.333333333,63557,55541.8
2022,4,Rhode Island,0,"1,093,734",3.3,63557,55598.9
2014,1,South Carolina,2,"4,832,482",6.033333333,37735,182879.9
2014,2,South Carolina,2,"4,832,482",6.1,37735,186502.3
2014,3,South Carolina,2,"4,832,482",6.433333333,37735,187265.9
2014,4,South Carolina,1,"4,832,482",6.533333333,37735,187299.5
2015,1,South Carolina,2,"4,896,146",6.366666667,39577,189194.9
2015,2,South Carolina,1,"4,896,146",6.1,39577,190853.5
2015,3,South Carolina,4,"4,896,146",5.7,39577,193517.9
2015,4,South Carolina,4,"4,896,146",5.433333333,39577,194513.1
2016,1,South Carolina,0,"4,961,119",5.266666667,40732,195759.5
2016,2,South Carolina,3,"4,961,119",5.066666667,40732,197491.2
2016,3,South Carolina,1,"4,961,119",4.8,40732,198554.3
2016,4,South Carolina,1,"4,961,119",4.533333333,40732,200217.7
2017,1,South Carolina,1,"5,024,369",4.3,42368,201682.8
2017,2,South Carolina,3,"5,024,369",4.133333333,42368,202099.6
2017,3,South Carolina,3,"5,024,369",4.2,42368,202440
2017,4,South Carolina,0,"5,024,369",4.166666667,42368,203827.2
2018,1,South Carolina,0,"5,084,127",3.7,43804,205120.1
2018,2,South Carolina,1,"5,084,127",3.233333333,43804,206758.1
2018,3,South Carolina,1,"5,084,127",3.3,43804,207593
2018,4,South Carolina,2,"5,084,127",3.266666667,43804,208933.5
2019,1,South Carolina,3,"5,148,714",3.166666667,46149,211107
2019,2,South Carolina,2,"5,148,714",2.9,46149,211455.5
2019,3,South Carolina,4,"5,148,714",2.5,46149,214257.7
2019,4,South Carolina,1,"5,148,714",2.566666667,46149,216130.9
2020,1,South Carolina,2,"5,118,425",2.933333333,48772,210301.6
2020,2,South Carolina,7,"5,118,425",9.566666667,48772,195335.2
2020,3,South Carolina,4,"5,118,425",6.366666667,48772,213350.3
2020,4,South Carolina,9,"5,118,425",5.066666667,48772,213949.1
2021,1,South Carolina,1,"5,190,705",4.433333333,52828,216766.4
2021,2,South Carolina,3,"5,190,705",4.133333333,52828,221140.1
2021,3,South Carolina,9,"5,190,705",3.866666667,52828,221640.7
2021,4,South Carolina,4,"5,190,705",3.5,52828,224632.6
2022,1,South Carolina,4,"5,282,634",3.266666667,53618,225761.2
2022,2,South Carolina,10,"5,282,634",3.2,53618,225457.3
2022,3,South Carolina,4,"5,282,634",3.266666667,53618,226715.9
2022,4,South Carolina,2,"5,282,634",3.3,53618,227746.1
2014,1,South Dakota,0,"853,175",3.433333333,46727,45215.6
2014,2,South Dakota,0,"853,175",3.366666667,46727,45290.3
2014,3,South Dakota,0,"853,175",3.3,46727,44724.4
2014,4,South Dakota,1,"853,175",3.233333333,46727,44155.6
2015,1,South Dakota,0,"858,469",3.2,48302,45028.8
2015,2,South Dakota,0,"858,469",3.1,48302,45216.7
2015,3,South Dakota,1,"858,469",3.033333333,48302,45585.1
2015,4,South Dakota,0,"858,469",2.866666667,48302,46827.5
2016,1,South Dakota,0,"865,454",2.8,48279,45401.1
2016,2,South Dakota,0,"865,454",2.933333333,48279,45745.2
2016,3,South Dakota,0,"865,454",3.133333333,48279,46617.9
2016,4,South Dakota,0,"865,454",3.2,48279,46539.7
2017,1,South Dakota,0,"869,666",3.1,49404,46857.7
2017,2,South Dakota,0,"869,666",3,49404,46103.9
2017,3,South Dakota,0,"869,666",3.1,49404,45411.6
2017,4,South Dakota,0,"869,666",3,49404,44730.1
2018,1,South Dakota,0,"882,235",2.933333333,51575,46817.1
2018,2,South Dakota,0,"882,235",2.8,51575,46218
2018,3,South Dakota,0,"882,235",2.7,51575,46235.2
2018,4,South Dakota,0,"882,235",2.733333333,51575,45930.8
2019,1,South Dakota,0,"884,659",2.8,54426,46365.7
2019,2,South Dakota,0,"884,659",2.8,54426,46273
2019,3,South Dakota,0,"884,659",2.8,54426,46850.7
2019,4,South Dakota,0,"884,659",2.733333333,54426,47112.8
2020,1,South Dakota,0,"886,667",2.5,59465,47332.1
2020,2,South Dakota,1,"886,667",6.9,59465,45063.5
2020,3,South Dakota,0,"886,667",4.2,59465,48277.3
2020,4,South Dakota,0,"886,667",3.3,59465,48936.6
2021,1,South Dakota,0,"895,376",2.9,65421,49114.3
2021,2,South Dakota,0,"895,376",2.8,65421,49673.7
2021,3,South Dakota,0,"895,376",2.633333333,65421,49523.8
2021,4,South Dakota,1,"895,376",2.233333333,65421,49920.1
2022,1,South Dakota,0,"909,824",1.933333333,68176,50132.2
2022,2,South Dakota,0,"909,824",1.966666667,68176,49921.7
2022,3,South Dakota,0,"909,824",2.166666667,68176,49864.2
2022,4,South Dakota,0,"909,824",2.2,68176,49318.6
2014,1,Tennessee,0,"6,549,352",6.833333333,40230,291026.8
2014,2,Tennessee,4,"6,549,352",6.7,40230,293801.3
2014,3,Tennessee,5,"6,549,352",6.566666667,40230,295472.7
2014,4,Tennessee,4,"6,549,352",6.3,40230,296219.6
2015,1,Tennessee,5,"6,600,299",6.066666667,41942,300344.6
2015,2,Tennessee,0,"6,600,299",5.8,41942,304598.4
2015,3,Tennessee,3,"6,600,299",5.4,41942,306366.6
2015,4,Tennessee,3,"6,600,299",5,41942,306627.1
2016,1,Tennessee,1,"6,651,194",4.733333333,42943,307457.6
2016,2,Tennessee,4,"6,651,194",4.666666667,42943,307914.9
2016,3,Tennessee,4,"6,651,194",4.833333333,42943,310764.6
2016,4,Tennessee,3,"6,651,194",4.8,42943,314435.8
2017,1,Tennessee,5,"6,715,984",4.4,44411,316454.8
2017,2,Tennessee,2,"6,715,984",3.733333333,44411,317441.8
2017,3,Tennessee,5,"6,715,984",3.433333333,44411,319006.1
2017,4,Tennessee,2,"6,715,984",3.433333333,44411,322952.7
2018,1,Tennessee,2,"6,770,010",3.5,46452,321650.1
2018,2,Tennessee,4,"6,770,010",3.5,46452,322769.9
2018,3,Tennessee,9,"6,770,010",3.5,46452,325182.1
2018,4,Tennessee,3,"6,770,010",3.5,46452,324564.1
2019,1,Tennessee,1,"6,829,174",3.433333333,48889,328581.6
2019,2,Tennessee,4,"6,829,174",3.266666667,48889,329960.1
2019,3,Tennessee,1,"6,829,174",3.233333333,48889,333396.5
2019,4,Tennessee,1,"6,829,174",3.433333333,48889,332768.1
2020,1,Tennessee,2,"6,910,840",3.5,51928,334634.1
2020,2,Tennessee,7,"6,910,840",12.66666667,51928,295265
2020,3,Tennessee,5,"6,910,840",7.933333333,51928,329028.3
2020,4,Tennessee,5,"6,910,840",6.033333333,51928,334888.6
2021,1,Tennessee,3,"6,975,218",5.266666667,56970,346070.8
2021,2,Tennessee,4,"6,975,218",4.8,56970,349444
2021,3,Tennessee,5,"6,975,218",4.2,56970,352803.5
2021,4,Tennessee,3,"6,975,218",3.7,56970,361526.3
2022,1,Tennessee,3,"7,051,339",3.4,58292,364843.3
2022,2,Tennessee,5,"7,051,339",3.233333333,58292,365145.3
2022,3,Tennessee,3,"7,051,339",3.333333333,58292,368614
2022,4,Tennessee,5,"7,051,339",3.5,58292,372501.7
2014,1,Texas,6,"26,956,958",5.6,46739,1487194.1
2014,2,Texas,3,"26,956,958",5.3,46739,1517509.6
2014,3,Texas,6,"26,956,958",5.1,46739,1546682.4
2014,4,Texas,2,"26,956,958",4.766666667,46739,1567082.4
2015,1,Texas,5,"27,469,114",4.533333333,46760,1606817.9
2015,2,Texas,4,"27,469,114",4.433333333,46760,1590408.4
2015,3,Texas,5,"27,469,114",4.466666667,46760,1608819.7
2015,4,Texas,3,"27,469,114",4.5,46760,1617560.7
2016,1,Texas,3,"27,862,596",4.466666667,45862,1616602.1
2016,2,Texas,6,"27,862,596",4.6,45862,1615121.6
2016,3,Texas,13,"27,862,596",4.733333333,45862,1622154.3
2016,4,Texas,9,"27,862,596",4.8,45862,1625938.6
2017,1,Texas,5,"28,304,596",4.7,48518,1639506.6
2017,2,Texas,7,"28,304,596",4.4,48518,1649350.3
2017,3,Texas,2,"28,304,596",4.166666667,48518,1664705
2017,4,Texas,7,"28,304,596",4.1,48518,1684251.4
2018,1,Texas,2,"28,701,845",4.033333333,51341,1704304.3
2018,2,Texas,5,"28,701,845",3.933333333,51341,1724470.8
2018,3,Texas,4,"28,701,845",3.833333333,51341,1735998.8
2018,4,Texas,4,"28,701,845",3.8,51341,1748442.2
2019,1,Texas,5,"28,995,881",3.633333333,53247,1753036.9
2019,2,Texas,5,"28,995,881",3.433333333,53247,1762172.9
2019,3,Texas,9,"28,995,881",3.533333333,53247,1794129.8
2019,4,Texas,10,"28,995,881",3.5,53247,1809786
2020,1,Texas,5,"29,145,505",4.033333333,55118,1790727.8
2020,2,Texas,14,"29,145,505",11.5,55118,1657126.2
2020,3,Texas,9,"29,145,505",8.366666667,55118,1766666.4
2020,4,Texas,6,"29,145,505",7,55118,1775727.5
2021,1,Texas,12,"29,527,941",6.566666667,60548,1794614.3
2021,2,Texas,13,"29,527,941",5.966666667,60548,1809123.4
2021,3,Texas,17,"29,527,941",5.366666667,60548,1815623.2
2021,4,Texas,15,"29,527,941",4.7,60548,1840893.4
2022,1,Texas,12,"30,029,572",4.1,62586,1843354.1
2022,2,Texas,17,"30,029,572",3.8,62586,1851811.8
2022,3,Texas,7,"30,029,572",3.766666667,62586,1888869.4
2022,4,Texas,14,"30,029,572",3.833333333,62586,1921276
2014,1,Utah,1,"2,942,902",3.733333333,37638,135672.4
2014,2,Utah,0,"2,942,902",3.6,37638,136830.9
2014,3,Utah,1,"2,942,902",3.6,37638,137255.1
2014,4,Utah,0,"2,942,902",3.6,37638,138216.4
2015,1,Utah,0,"2,995,919",3.533333333,39899,139958.3
2015,2,Utah,0,"2,995,919",3.5,39899,141148.5
2015,3,Utah,0,"2,995,919",3.5,39899,142016.2
2015,4,Utah,0,"2,995,919",3.5,39899,143759.1
2016,1,Utah,0,"3,051,217",3.5,41312,145673.6
2016,2,Utah,0,"3,051,217",3.4,41312,146493.8
2016,3,Utah,0,"3,051,217",3.3,41312,148858
2016,4,Utah,0,"3,051,217",3.2,41312,150823.9
2017,1,Utah,0,"3,101,833",3.2,43044,150708.5
2017,2,Utah,1,"3,101,833",3.2,43044,152769.6
2017,3,Utah,0,"3,101,833",3.166666667,43044,156235
2017,4,Utah,0,"3,101,833",3.1,43044,159319.9
2018,1,Utah,1,"3,161,105",3,45473,161625.1
2018,2,Utah,0,"3,161,105",2.9,45473,164255.7
2018,3,Utah,0,"3,161,105",2.9,45473,165988.1
2018,4,Utah,0,"3,161,105",2.866666667,45473,166619.5
2019,1,Utah,0,"3,205,958",2.733333333,48156,170693.7
2019,2,Utah,0,"3,205,958",2.566666667,48156,169826.4
2019,3,Utah,0,"3,205,958",2.466666667,48156,173266.6
2019,4,Utah,0,"3,205,958",2.4,48156,174366.9
2020,1,Utah,1,"3,271,616",2.5,51751,173889.8
2020,2,Utah,0,"3,271,616",8.033333333,51751,167403.9
2020,3,Utah,0,"3,271,616",5.033333333,51751,177742.7
2020,4,Utah,0,"3,271,616",3.833333333,51751,180782.4
2021,1,Utah,0,"3,337,975",3.233333333,57042,183595.1
2021,2,Utah,1,"3,337,975",2.9,57042,185676
2021,3,Utah,0,"3,337,975",2.6,57042,186798.9
2021,4,Utah,0,"3,337,975",2.3,57042,191570.2
2022,1,Utah,0,"3,380,800",2.2,59457,191283.7
2022,2,Utah,0,"3,380,800",2.233333333,59457,190744.2
2022,3,Utah,0,"3,380,800",2.366666667,59457,191925.9
2022,4,Utah,0,"3,380,800",2.4,59457,193906.9
2014,1,Vermont,0,"626,562",4.033333333,46897,28370.8
2014,2,Vermont,0,"626,562",4,46897,28707.2
2014,3,Vermont,0,"626,562",4,46897,29182.9
2014,4,Vermont,0,"626,562",3.933333333,46897,29387.9
2015,1,Vermont,0,"626,042",3.733333333,48120,29054.7
2015,2,Vermont,0,"626,042",3.566666667,48120,29051.5
2015,3,Vermont,1,"626,042",3.466666667,48120,29204.6
2015,4,Vermont,0,"626,042",3.366666667,48120,29165.4
2016,1,Vermont,0,"624,594",3.2,48831,29358.5
2016,2,Vermont,0,"624,594",3.1,48831,29319.3
2016,3,Vermont,0,"624,594",3.1,48831,29505.3
2016,4,Vermont,0,"624,594",3.1,48831,29449.5
2017,1,Vermont,0,"623,657",3.1,50011,29463.3
2017,2,Vermont,0,"623,657",3.033333333,50011,29413.1
2017,3,Vermont,0,"623,657",2.9,50011,29543
2017,4,Vermont,0,"623,657",3,50011,29543.2
2018,1,Vermont,0,"626,299",2.733333333,51692,29623.1
2018,2,Vermont,0,"626,299",2.5,51692,29723
2018,3,Vermont,0,"626,299",2.333333333,51692,29568.4
2018,4,Vermont,0,"626,299",2.366666667,51692,29494.4
2019,1,Vermont,0,"623,989",2.2,54257,29907.7
2019,2,Vermont,0,"623,989",1.966666667,54257,29722.7
2019,3,Vermont,0,"623,989",2.1,54257,30020.1
2019,4,Vermont,0,"623,989",2.133333333,54257,30112.2
2020,1,Vermont,0,"643,077",2.266666667,57978,30158.3
2020,2,Vermont,0,"643,077",10.43333333,57978,26863.4
2020,3,Vermont,0,"643,077",5.766666667,57978,29444.5
2020,4,Vermont,0,"643,077",4.4,57978,29792.3
2021,1,Vermont,0,"645,570",4.466666667,61214,30094
2021,2,Vermont,0,"645,570",3.966666667,61214,30402.8
2021,3,Vermont,0,"645,570",3.4,61214,30582.1
2021,4,Vermont,0,"645,570",2.966666667,61214,31108.3
2022,1,Vermont,0,"647,064",2.433333333,63039,31310.4
2022,2,Vermont,0,"647,064",2.233333333,63039,31297.5
2022,3,Vermont,0,"647,064",2.766666667,63039,31401
2022,4,Vermont,0,"647,064",3.066666667,63039,31572.1
2014,1,Virginia,3,"8,326,289",5.3,49764,444797.9
2014,2,Virginia,0,"8,326,289",5.233333333,49764,447586.3
2014,3,Virginia,3,"8,326,289",5.066666667,49764,448557.4
2014,4,Virginia,2,"8,326,289",4.866666667,49764,449770.8
2015,1,Virginia,2,"8,382,993",4.733333333,51620,451208.8
2015,2,Virginia,1,"8,382,993",4.5,51620,455536.1
2015,3,Virginia,2,"8,382,993",4.2,51620,457213.6
2015,4,Virginia,0,"8,382,993",4.033333333,51620,456691
2016,1,Virginia,3,"8,411,808",3.933333333,52659,455504.8
2016,2,Virginia,4,"8,411,808",3.933333333,52659,458204.1
2016,3,Virginia,3,"8,411,808",4.066666667,52659,460873.7
2016,4,Virginia,1,"8,411,808",4.066666667,52659,465280.7
2017,1,Virginia,2,"8,470,020",3.966666667,54380,463105.5
2017,2,Virginia,3,"8,470,020",3.733333333,54380,465620.4
2017,3,Virginia,6,"8,470,020",3.533333333,54380,468479.2
2017,4,Virginia,1,"8,470,020",3.433333333,54380,472242.9
2018,1,Virginia,0,"8,517,685",3.3,56133,474382.4
2018,2,Virginia,1,"8,517,685",2.933333333,56133,477004.9
2018,3,Virginia,3,"8,517,685",2.8,56133,480104.9
2018,4,Virginia,0,"8,517,685",3,56133,480168.6
2019,1,Virginia,2,"8,535,519",3.066666667,58368,484484.5
2019,2,Virginia,5,"8,535,519",2.666666667,58368,485794
2019,3,Virginia,2,"8,535,519",2.533333333,58368,492687.7
2019,4,Virginia,1,"8,535,519",2.766666667,58368,493830
2020,1,Virginia,1,"8,631,393",2.966666667,61474,489002.6
2020,2,Virginia,2,"8,631,393",10.3,61474,453483.3
2020,3,Virginia,6,"8,631,393",7.366666667,61474,482661.5
2020,4,Virginia,2,"8,631,393",5.4,61474,490490
2021,1,Virginia,4,"8,642,274",4.7,66838,496829.7
2021,2,Virginia,4,"8,642,274",4.2,66838,501883.3
2021,3,Virginia,3,"8,642,274",3.533333333,66838,506619
2021,4,Virginia,5,"8,642,274",3.1,66838,516071.8
2022,1,Virginia,3,"8,683,619",2.866666667,68985,511784.3
2022,2,Virginia,5,"8,683,619",2.533333333,68985,510601.8
2022,3,Virginia,7,"8,683,619",2.8,68985,513355
2022,4,Virginia,5,"8,683,619",3.133333333,68985,516043.9
2014,1,Washington,1,"7,061,530",6.133333333,50265,417182
2014,2,Washington,0,"7,061,530",5.966666667,50265,420773.2
2014,3,Washington,1,"7,061,530",5.866666667,50265,429450.7
2014,4,Washington,1,"7,061,530",5.733333333,50265,430464.6
2015,1,Washington,0,"7,170,351",5.533333333,52415,435616.1
2015,2,Washington,0,"7,170,351",5.4,52415,441170.4
2015,3,Washington,0,"7,170,351",5.4,52415,445843.6
2015,4,Washington,1,"7,170,351",5.4,52415,445178.2
2016,1,Washington,2,"7,288,000",5.4,54302,455746.8
2016,2,Washington,1,"7,288,000",5.3,54302,453467.5
2016,3,Washington,4,"7,288,000",5.2,54302,457156.1
2016,4,Washington,1,"7,288,000",5,54302,466684.7
2017,1,Washington,1,"7,405,743",4.7,56805,472062.2
2017,2,Washington,0,"7,405,743",4.6,56805,476239.3
2017,3,Washington,2,"7,405,743",4.633333333,56805,485000
2017,4,Washington,0,"7,405,743",4.633333333,56805,494726.7
2018,1,Washington,0,"7,535,591",4.566666667,59827,507062.5
2018,2,Washington,1,"7,535,591",4.333333333,59827,511980.4
2018,3,Washington,1,"7,535,591",4.3,59827,521121.1
2018,4,Washington,1,"7,535,591",4.5,59827,519952.3
2019,1,Washington,0,"7,614,893",4.633333333,63405,528055.6
2019,2,Washington,1,"7,614,893",4.3,63405,528075.3
2019,3,Washington,2,"7,614,893",4.1,63405,534990.3
2019,4,Washington,1,"7,614,893",3.9,63405,541480.5
2020,1,Washington,1,"7,705,281",4.266666667,67674,542706.3
2020,2,Washington,0,"7,705,281",13.7,67674,509713.1
2020,3,Washington,2,"7,705,281",8.966666667,67674,552802
2020,4,Washington,2,"7,705,281",6.866666667,67674,550202.8
2021,1,Washington,1,"7,738,692",6.1,74188,565174.8
2021,2,Washington,2,"7,738,692",5.466666667,74188,575469.8
2021,3,Washington,3,"7,738,692",4.966666667,74188,575027.3
2021,4,Washington,2,"7,738,692",4.3,74188,584844.1
2022,1,Washington,0,"7,785,786",3.966666667,75332,577715.1
2022,2,Washington,3,"7,785,786",3.9,75332,578519.7
2022,3,Washington,7,"7,785,786",4.266666667,75332,583581.3
2022,4,Washington,1,"7,785,786",4.566666667,75332,588870.4
2014,1,West Virginia,0,"1,850,326",6.7,36242,69447
2014,2,West Virginia,0,"1,850,326",6.533333333,36242,70602.5
2014,3,West Virginia,0,"1,850,326",6.4,36242,70949.5
2014,4,West Virginia,0,"1,850,326",6.366666667,36242,71130.7
2015,1,West Virginia,0,"1,844,128",6.533333333,37067,70921.6
2015,2,West Virginia,0,"1,844,128",6.8,37067,70755.7
2015,3,West Virginia,0,"1,844,128",6.6,37067,70552.5
2015,4,West Virginia,0,"1,844,128",6.4,37067,70422.3
2016,1,West Virginia,0,"1,831,102",6.333333333,37074,70475.9
2016,2,West Virginia,1,"1,831,102",6.2,37074,69895.7
2016,3,West Virginia,0,"1,831,102",6.066666667,37074,69925.3
2016,4,West Virginia,0,"1,831,102",5.766666667,37074,69748.5
2017,1,West Virginia,0,"1,815,857",5.233333333,38840,71545.4
2017,2,West Virginia,0,"1,815,857",5.033333333,38840,71117.5
2017,3,West Virginia,0,"1,815,857",5.2,38840,71492
2017,4,West Virginia,0,"1,815,857",5.366666667,38840,71547.7
2018,1,West Virginia,0,"1,805,832",5.366666667,41000,72031.9
2018,2,West Virginia,0,"1,805,832",5.2,41000,73092.9
2018,3,West Virginia,0,"1,805,832",5.033333333,41000,73879.9
2018,4,West Virginia,0,"1,805,832",5.066666667,41000,73677
2019,1,West Virginia,0,"1,792,147",4.9,42627,72387.6
2019,2,West Virginia,0,"1,792,147",4.766666667,42627,72585.7
2019,3,West Virginia,0,"1,792,147",4.933333333,42627,73012.6
2019,4,West Virginia,0,"1,792,147",5.133333333,42627,72547.7
2020,1,West Virginia,1,"1,793,716",5.266666667,45071,72709.9
2020,2,West Virginia,0,"1,793,716",12.86666667,45071,66410.5
2020,3,West Virginia,0,"1,793,716",8.4,45071,71330.2
2020,4,West Virginia,2,"1,793,716",6.566666667,45071,71326.3
2021,1,West Virginia,0,"1,782,959",5.9,49071,71199.7
2021,2,West Virginia,0,"1,782,959",5.466666667,49071,71156.3
2021,3,West Virginia,1,"1,782,959",4.866666667,49071,71112.1
2021,4,West Virginia,0,"1,782,959",4.2,49071,71904.8
2022,1,West Virginia,0,"1,775,156",3.7,49993,70877.6
2022,2,West Virginia,0,"1,775,156",3.8,49993,71130.2
2022,3,West Virginia,0,"1,775,156",4.066666667,49993,71840.3
2022,4,West Virginia,0,"1,775,156",4.1,49993,72761.4
2014,1,Wisconsin,0,"5,757,564",5.866666667,44159,279115.5
2014,2,Wisconsin,1,"5,757,564",5.5,44159,284671.9
2014,3,Wisconsin,1,"5,757,564",5.133333333,44159,285733.2
2014,4,Wisconsin,0,"5,757,564",4.9,44159,286403.9
2015,1,Wisconsin,0,"5,771,337",4.666666667,45932,287242.2
2015,2,Wisconsin,3,"5,771,337",4.5,45932,288980
2015,3,Wisconsin,0,"5,771,337",4.333333333,45932,289567.7
2015,4,Wisconsin,0,"5,771,337",4.2,45932,290518.1
2016,1,Wisconsin,0,"5,778,709",4.066666667,46598,290669.1
2016,2,Wisconsin,1,"5,778,709",3.966666667,46598,291545.2
2016,3,Wisconsin,1,"5,778,709",3.9,46598,293539.2
2016,4,Wisconsin,0,"5,778,709",3.7,46598,291927.6
2017,1,Wisconsin,1,"5,795,483",3.4,48313,290879.1
2017,2,Wisconsin,0,"5,795,483",3.266666667,48313,290115.7
2017,3,Wisconsin,1,"5,795,483",3.266666667,48313,293229.9
2017,4,Wisconsin,0,"5,795,483",3.1,48313,293466.1
2018,1,Wisconsin,0,"5,813,568",2.9,50522,297785.8
2018,2,Wisconsin,0,"5,813,568",3,50522,297405.5
2018,3,Wisconsin,3,"5,813,568",3,50522,299852.1
2018,4,Wisconsin,1,"5,813,568",3,50522,301207
2019,1,Wisconsin,0,"5,822,434",3.033333333,52364,301679
2019,2,Wisconsin,1,"5,822,434",3.166666667,52364,303440.2
2019,3,Wisconsin,2,"5,822,434",3.3,52364,303781.9
2019,4,Wisconsin,0,"5,822,434",3.166666667,52364,305775
2020,1,Wisconsin,1,"5,893,718",3,55431,299309.1
2020,2,Wisconsin,4,"5,893,718",11.1,55431,274801
2020,3,Wisconsin,4,"5,893,718",6.533333333,55431,297161.2
2020,4,Wisconsin,1,"5,893,718",4.933333333,55431,301148.2
2021,1,Wisconsin,0,"5,895,908",4.5,60381,301697
2021,2,Wisconsin,3,"5,895,908",4.133333333,60381,305501.5
2021,3,Wisconsin,2,"5,895,908",3.633333333,60381,306510.1
2021,4,Wisconsin,6,"5,895,908",3.1,60381,312161
2022,1,Wisconsin,5,"5,892,539",2.8,61475,312366.2
2022,2,Wisconsin,1,"5,892,539",2.866666667,61475,310909.7
2022,3,Wisconsin,7,"5,892,539",3.066666667,61475,311355.9
2022,4,Wisconsin,3,"5,892,539",3,61475,312176.7
2014,1,Wyoming,0,"584,153",4.433333333,56252,38787.7
2014,2,Wyoming,0,"584,153",4.4,56252,39313.5
2014,3,Wyoming,0,"584,153",4.4,56252,39804
2014,4,Wyoming,0,"584,153",4.133333333,56252,40332.5
2015,1,Wyoming,0,"586,107",3.933333333,56122,41067.7
2015,2,Wyoming,0,"586,107",4.166666667,56122,39970.4
2015,3,Wyoming,0,"586,107",4.233333333,56122,40523.4
2015,4,Wyoming,0,"586,107",4.5,56122,40111.1
2016,1,Wyoming,0,"585,501",5.266666667,53421,39924.7
2016,2,Wyoming,0,"585,501",5.666666667,53421,38295.4
2016,3,Wyoming,0,"585,501",5.3,53421,37562
2016,4,Wyoming,0,"585,501",5.1,53421,36972.8
2017,1,Wyoming,0,"579,315",4.6,56377,37162.5
2017,2,Wyoming,0,"579,315",4.133333333,56377,37796.7
2017,3,Wyoming,0,"579,315",4.266666667,56377,37545.3
2017,4,Wyoming,0,"579,315",4.3,56377,37582.1
2018,1,Wyoming,0,"577,737",4.166666667,59195,37913.4
2018,2,Wyoming,0,"577,737",4,59195,38072
2018,3,Wyoming,0,"577,737",4.066666667,59195,38114.5
2018,4,Wyoming,0,"577,737",4,59195,38220.6
2019,1,Wyoming,0,"578,759",3.6,61863,38041.9
2019,2,Wyoming,0,"578,759",3.433333333,61863,38095.1
2019,3,Wyoming,1,"578,759",3.766666667,61863,38724.8
2019,4,Wyoming,0,"578,759",4.066666667,61863,38924.8
2020,1,Wyoming,0,"576,851",4.666666667,65558,38411
2020,2,Wyoming,0,"576,851",7.1,65558,34787.3
2020,3,Wyoming,0,"576,851",6.333333333,65558,36185.8
2020,4,Wyoming,0,"576,851",5.5,65558,35690.3
2021,1,Wyoming,0,"578,803",5.3,70522,36417.6
2021,2,Wyoming,0,"578,803",4.9,70522,36362.8
2021,3,Wyoming,0,"578,803",4.4,70522,36354.5
2021,4,Wyoming,0,"578,803",3.9,70522,36465.2
2022,1,Wyoming,0,"581,381",3.4,73248,36341.1
2022,2,Wyoming,0,"581,381",3.3,73248,35899.8
2022,3,Wyoming,0,"581,381",3.666666667,73248,36369.9
2022,4,Wyoming,0,"581,381",3.9,73248,36773.4
