State and area,Year,Quarter,Total,Rate
Alabama,2014,1,462418,7.133333333333333
Alabama,2014,2,449705,6.8999999999999995
Alabama,2014,3,430276,6.6000000000000005
Alabama,2014,4,407899,6.3
Alabama,2015,1,395682,6.099999999999999
Alabama,2015,2,398651,6.133333333333333
Alabama,2015,3,395371,6.166666666666667
Alabama,2015,4,391110,6.099999999999999
Alabama,2016,1,386867,6.033333333333334
Alabama,2016,2,379243,5.900000000000001
Alabama,2016,3,380178,5.900000000000001
Alabama,2016,4,375581,5.8
Alabama,2017,1,346099,5.233333333333333
Alabama,2017,2,305360,4.6000000000000005
Alabama,2017,3,277686,4.2
Alabama,2017,4,266526,4.0
Alabama,2018,1,265418,4.0
Alabama,2018,2,267973,4.0
Alabama,2018,3,264023,3.9333333333333336
Alabama,2018,4,258280,3.8333333333333335
Alabama,2019,1,243169,3.5666666666666664
Alabama,2019,2,214995,3.1333333333333333
Alabama,2019,3,202449,3.0
Alabama,2019,4,208103,3.033333333333333
Alabama,2020,1,222165,3.3000000000000003
Alabama,2020,2,734319,10.933333333333332
Alabama,2020,3,451835,6.566666666666666
Alabama,2020,4,333423,4.8999999999999995
Alabama,2021,1,266561,3.9333333333333336
Alabama,2021,2,240165,3.533333333333333
Alabama,2021,3,216488,3.1999999999999997
Alabama,2021,4,191987,2.8000000000000003
Alabama,2022,1,177287,2.566666666666667
Alabama,2022,2,174083,2.533333333333333
Alabama,2022,3,180097,2.6
Alabama,2022,4,180598,2.6
Alabama,2023,1,167575,2.466666666666667
Alabama,2023,2,153244,2.2
Alabama,2023,3,147558,2.1333333333333333
Alaska,2014,1,75545,6.900000000000001
Alaska,2014,2,75393,6.900000000000001
Alaska,2014,3,73882,6.766666666666667
Alaska,2014,4,69930,6.3999999999999995
Alaska,2015,1,68238,6.266666666666667
Alaska,2015,2,68390,6.3
Alaska,2015,3,67706,6.2
Alaska,2015,4,68662,6.333333333333333
Alaska,2016,1,70238,6.466666666666666
Alaska,2016,2,71406,6.566666666666666
Alaska,2016,3,72295,6.666666666666667
Alaska,2016,4,72604,6.7
Alaska,2017,1,71176,6.566666666666666
Alaska,2017,2,70442,6.5
Alaska,2017,3,70497,6.5
Alaska,2017,4,69432,6.466666666666666
Alaska,2018,1,67386,6.3
Alaska,2018,2,64093,6.0
Alaska,2018,3,62683,5.900000000000001
Alaska,2018,4,63469,5.966666666666666
Alaska,2019,1,61920,5.866666666666667
Alaska,2019,2,59322,5.599999999999999
Alaska,2019,3,59068,5.566666666666666
Alaska,2019,4,56778,5.333333333333333
Alaska,2020,1,57430,5.433333333333334
Alaska,2020,2,120916,11.700000000000001
Alaska,2020,3,91973,8.833333333333334
Alaska,2020,4,75554,7.266666666666667
Alaska,2021,1,74148,7.066666666666666
Alaska,2021,2,72885,6.866666666666667
Alaska,2021,3,66081,6.233333333333333
Alaska,2021,4,59191,5.566666666666666
Alaska,2022,1,50389,4.7
Alaska,2022,2,42355,3.9666666666666663
Alaska,2022,3,39684,3.6999999999999997
Alaska,2022,4,40044,3.733333333333333
Alaska,2023,1,40263,3.766666666666667
Alaska,2023,2,39096,3.6666666666666665
Alaska,2023,3,42320,3.933333333333333
Arizona,2014,1,660272,7.1000000000000005
Arizona,2014,2,640279,6.866666666666667
Arizona,2014,3,629174,6.7
Arizona,2014,4,617629,6.5
Arizona,2015,1,598303,6.3
Arizona,2015,2,586448,6.133333333333333
Arizona,2015,3,578227,6.033333333333334
Arizona,2015,4,561970,5.833333333333333
Arizona,2016,1,546072,5.633333333333333
Arizona,2016,2,537918,5.533333333333334
Arizona,2016,3,531825,5.433333333333334
Arizona,2016,4,524332,5.333333333333333
Arizona,2017,1,496931,5.166666666666667
Arizona,2017,2,481242,4.966666666666667
Arizona,2017,3,473223,4.866666666666667
Arizona,2017,4,475631,4.9
Arizona,2018,1,474547,4.833333333333333
Arizona,2018,2,464632,4.7
Arizona,2018,3,476027,4.733333333333333
Arizona,2018,4,504616,4.966666666666667
Arizona,2019,1,506618,4.966666666666667
Arizona,2019,2,491919,4.8
Arizona,2019,3,491334,4.766666666666667
Arizona,2019,4,492131,4.7
Arizona,2020,1,504749,4.833333333333333
Arizona,2020,2,1187912,11.566666666666668
Arizona,2020,3,850629,8.166666666666666
Arizona,2020,4,714882,6.8
Arizona,2021,1,652971,6.2
Arizona,2021,2,583811,5.5
Arizona,2021,3,493641,4.7
Arizona,2021,4,416218,3.9
Arizona,2022,1,386405,3.6
Arizona,2022,2,397309,3.6999999999999997
Arizona,2022,3,432647,3.966666666666667
Arizona,2022,4,440344,4.033333333333333
Arizona,2023,1,404665,3.6666666666666665
Arizona,2023,2,379251,3.4333333333333336
Arizona,2023,3,424031,3.8000000000000003
Arkansas,2014,1,250370,6.333333333333333
Arkansas,2014,2,236837,5.966666666666666
Arkansas,2014,3,229004,5.733333333333333
Arkansas,2014,4,222754,5.566666666666666
Arkansas,2015,1,218151,5.433333333333334
Arkansas,2015,2,209155,5.2
Arkansas,2015,3,192046,4.766666666666667
Arkansas,2015,4,176963,4.3999999999999995
Arkansas,2016,1,166088,4.1000000000000005
Arkansas,2016,2,161168,4.0
Arkansas,2016,3,159682,3.966666666666667
Arkansas,2016,4,156338,3.8666666666666667
Arkansas,2017,1,150253,3.733333333333333
Arkansas,2017,2,148622,3.7000000000000006
Arkansas,2017,3,151445,3.733333333333333
Arkansas,2017,4,152923,3.7999999999999994
Arkansas,2018,1,151926,3.766666666666667
Arkansas,2018,2,145561,3.6333333333333333
Arkansas,2018,3,143090,3.533333333333333
Arkansas,2018,4,149265,3.7000000000000006
Arkansas,2019,1,145670,3.6
Arkansas,2019,2,137862,3.4
Arkansas,2019,3,141238,3.466666666666667
Arkansas,2019,4,143649,3.5
Arkansas,2020,1,163009,4.0
Arkansas,2020,2,362551,8.966666666666667
Arkansas,2020,3,264483,6.566666666666666
Arkansas,2020,4,210718,5.266666666666667
Arkansas,2021,1,191295,4.8
Arkansas,2021,2,174060,4.333333333333333
Arkansas,2021,3,151777,3.8000000000000003
Arkansas,2021,4,135746,3.3666666666666667
Arkansas,2022,1,130229,3.1666666666666665
Arkansas,2022,2,131004,3.1666666666666665
Arkansas,2022,3,139972,3.4
Arkansas,2022,4,142990,3.466666666666667
Arkansas,2023,1,131142,3.1999999999999997
Arkansas,2023,2,112034,2.6999999999999997
Arkansas,2023,3,112863,2.733333333333333
California,2014,1,4515657,8.1
California,2014,2,4316386,7.7
California,2014,3,4143846,7.3999999999999995
California,2014,4,3971424,7.066666666666666
California,2015,1,3795677,6.7
California,2015,2,3626422,6.3999999999999995
California,2015,3,3409514,6.033333333333334
California,2015,4,3271904,5.766666666666667
California,2016,1,3198739,5.633333333333333
California,2016,2,3147256,5.5
California,2016,3,3139476,5.5
California,2016,4,3100316,5.433333333333334
California,2017,1,2952603,5.1000000000000005
California,2017,2,2825614,4.933333333333334
California,2017,3,2740587,4.766666666666667
California,2017,4,2616877,4.533333333333333
California,2018,1,2505215,4.333333333333333
California,2018,2,2432116,4.2
California,2018,3,2417924,4.2
California,2018,4,2500119,4.3
California,2019,1,2478502,4.266666666666667
California,2019,2,2339471,4.033333333333333
California,2019,3,2321862,4.0
California,2019,4,2397333,4.1000000000000005
California,2020,1,2761142,4.733333333333333
California,2020,2,8567246,15.200000000000001
California,2020,3,6633470,11.700000000000001
California,2020,4,5129599,9.166666666666666
California,2021,1,4821482,8.533333333333333
California,2021,2,4538946,7.966666666666666
California,2021,3,3985928,6.966666666666666
California,2021,4,3323163,5.833333333333333
California,2022,1,2740690,4.766666666666667
California,2022,2,2295722,4.0
California,2022,3,2225331,3.8666666666666667
California,2022,4,2386445,4.1
California,2023,1,2515723,4.333333333333333
California,2023,2,2640812,4.533333333333333
California,2023,3,2693543,4.633333333333333
Colorado,2014,1,484927,5.8
Colorado,2014,2,438202,5.2
Colorado,2014,3,387995,4.633333333333333
Colorado,2014,4,360415,4.3
Colorado,2015,1,346278,4.1
Colorado,2015,2,329254,3.9
Colorado,2015,3,302035,3.6
Colorado,2015,4,286914,3.3666666666666667
Colorado,2016,1,284394,3.2999999999999994
Colorado,2016,2,283050,3.266666666666667
Colorado,2016,3,271737,3.1
Colorado,2016,4,249721,2.8666666666666667
Colorado,2017,1,219939,2.5
Colorado,2017,2,216932,2.433333333333333
Colorado,2017,3,240301,2.6999999999999997
Colorado,2017,4,253809,2.7999999999999994
Colorado,2018,1,263604,2.9
Colorado,2018,2,276467,3.033333333333333
Colorado,2018,3,287907,3.1333333333333333
Colorado,2018,4,287012,3.1333333333333333
Colorado,2019,1,265465,2.8666666666666667
Colorado,2019,2,238816,2.566666666666667
Colorado,2019,3,236480,2.533333333333333
Colorado,2019,4,254598,2.6999999999999997
Colorado,2020,1,296444,3.1666666666666665
Colorado,2020,2,1044770,11.299999999999999
Colorado,2020,3,576639,6.3
Colorado,2020,4,584121,6.3
Colorado,2021,1,583912,6.233333333333333
Colorado,2021,2,561369,5.933333333333334
Colorado,2021,3,500854,5.266666666666667
Colorado,2021,4,421801,4.3999999999999995
Colorado,2022,1,347276,3.6333333333333333
Colorado,2022,2,282882,2.9333333333333336
Colorado,2022,3,258709,2.6999999999999997
Colorado,2022,4,269956,2.7999999999999994
Colorado,2023,1,274217,2.8333333333333335
Colorado,2023,2,271122,2.7999999999999994
Colorado,2023,3,298470,3.0666666666666664
Connecticut,2014,1,398828,7.066666666666666
Connecticut,2014,2,381188,6.7
Connecticut,2014,3,368454,6.5
Connecticut,2014,4,352424,6.2
Connecticut,2015,1,335960,5.8999999999999995
Connecticut,2015,2,323960,5.7
Connecticut,2015,3,311390,5.5
Connecticut,2015,4,302818,5.366666666666667
Connecticut,2016,1,292343,5.166666666666667
Connecticut,2016,2,279696,4.933333333333334
Connecticut,2016,3,269693,4.733333333333333
Connecticut,2016,4,264404,4.633333333333333
Connecticut,2017,1,261994,4.533333333333333
Connecticut,2017,2,256862,4.433333333333334
Connecticut,2017,3,252595,4.4
Connecticut,2017,4,247197,4.3
Connecticut,2018,1,236617,4.133333333333333
Connecticut,2018,2,225947,3.9333333333333336
Connecticut,2018,3,217835,3.766666666666667
Connecticut,2018,4,215353,3.7000000000000006
Connecticut,2019,1,209264,3.6333333333333333
Connecticut,2019,2,202498,3.5
Connecticut,2019,3,208760,3.5666666666666664
Connecticut,2019,4,217355,3.733333333333333
Connecticut,2020,1,224017,3.8666666666666667
Connecticut,2020,2,592798,10.433333333333332
Connecticut,2020,3,564623,10.0
Connecticut,2020,4,415094,7.566666666666666
Connecticut,2021,1,378123,6.933333333333334
Connecticut,2021,2,368016,6.766666666666667
Connecticut,2021,3,343363,6.133333333333333
Connecticut,2021,4,306928,5.333333333333333
Connecticut,2022,1,268281,4.566666666666666
Connecticut,2022,2,239678,4.1000000000000005
Connecticut,2022,3,226380,3.966666666666667
Connecticut,2022,4,229541,4.0
Connecticut,2023,1,226441,3.9333333333333336
Connecticut,2023,2,213805,3.733333333333333
Connecticut,2023,3,201754,3.533333333333333
Delaware,2014,1,80012,5.966666666666666
Delaware,2014,2,78022,5.766666666666667
Delaware,2014,3,75028,5.5
Delaware,2014,4,70846,5.2
Delaware,2015,1,68153,4.933333333333334
Delaware,2015,2,67150,4.866666666666667
Delaware,2015,3,65836,4.733333333333333
Delaware,2015,4,64633,4.633333333333333
Delaware,2016,1,62853,4.466666666666667
Delaware,2016,2,62366,4.433333333333334
Delaware,2016,3,63898,4.533333333333333
Delaware,2016,4,65810,4.666666666666667
Delaware,2017,1,65776,4.633333333333333
Delaware,2017,2,64589,4.533333333333333
Delaware,2017,3,63243,4.433333333333334
Delaware,2017,4,61358,4.266666666666667
Delaware,2018,1,57703,4.0
Delaware,2018,2,54246,3.766666666666667
Delaware,2018,3,51429,3.5666666666666664
Delaware,2018,4,51009,3.5
Delaware,2019,1,51366,3.5
Delaware,2019,2,51513,3.533333333333333
Delaware,2019,3,53433,3.6666666666666665
Delaware,2019,4,53280,3.6666666666666665
Delaware,2020,1,59525,4.1000000000000005
Delaware,2020,2,192160,13.066666666666668
Delaware,2020,3,109295,7.5
Delaware,2020,4,78241,5.366666666666667
Delaware,2021,1,86032,5.8
Delaware,2021,2,87112,5.866666666666667
Delaware,2021,3,80540,5.433333333333334
Delaware,2021,4,72660,4.8999999999999995
Delaware,2022,1,67269,4.5
Delaware,2022,2,64617,4.3
Delaware,2022,3,66599,4.5
Delaware,2022,4,69234,4.666666666666667
Delaware,2023,1,67563,4.533333333333333
Delaware,2023,2,63460,4.233333333333333
Delaware,2023,3,62413,4.1
District of Columbia,2014,1,88631,7.866666666666667
District of Columbia,2014,2,88180,7.8
District of Columbia,2014,3,87912,7.666666666666667
District of Columbia,2014,4,86596,7.5
District of Columbia,2015,1,84470,7.3
District of Columbia,2015,2,81888,7.033333333333334
District of Columbia,2015,3,78945,6.766666666666667
District of Columbia,2015,4,76912,6.566666666666666
District of Columbia,2016,1,74164,6.3
District of Columbia,2016,2,72402,6.099999999999999
District of Columbia,2016,3,73924,6.233333333333333
District of Columbia,2016,4,75345,6.3
District of Columbia,2017,1,72999,6.233333333333333
District of Columbia,2017,2,72640,6.166666666666667
District of Columbia,2017,3,71664,6.066666666666666
District of Columbia,2017,4,70101,5.933333333333334
District of Columbia,2018,1,69322,5.833333333333333
District of Columbia,2018,2,67802,5.7
District of Columbia,2018,3,64882,5.5
District of Columbia,2018,4,67571,5.7
District of Columbia,2019,1,70380,5.866666666666667
District of Columbia,2019,2,66592,5.533333333333334
District of Columbia,2019,3,63150,5.266666666666667
District of Columbia,2019,4,63190,5.233333333333333
District of Columbia,2020,1,67843,5.633333333333333
District of Columbia,2020,2,109603,9.533333333333333
District of Columbia,2020,3,96717,8.466666666666667
District of Columbia,2020,4,89362,7.8999999999999995
District of Columbia,2021,1,80007,7.133333333333333
District of Columbia,2021,2,80390,7.1000000000000005
District of Columbia,2021,3,78122,6.833333333333333
District of Columbia,2021,4,71753,6.266666666666667
District of Columbia,2022,1,65122,5.6000000000000005
District of Columbia,2022,2,54139,4.633333333333334
District of Columbia,2022,3,47492,4.033333333333333
District of Columbia,2022,4,49010,4.2
District of Columbia,2023,1,54351,4.666666666666667
District of Columbia,2023,2,59157,5.066666666666666
District of Columbia,2023,3,58729,5.0
Florida,2014,1,1943956,6.8
Florida,2014,2,1883392,6.6000000000000005
Florida,2014,3,1812967,6.3
Florida,2014,4,1740169,6.033333333333334
Florida,2015,1,1678202,5.833333333333333
Florida,2015,2,1629646,5.666666666666667
Florida,2015,3,1566067,5.3999999999999995
Florida,2015,4,1514004,5.2
Florida,2016,1,1468866,5.033333333333333
Florida,2016,2,1438865,4.9
Florida,2016,3,1444829,4.9
Florida,2016,4,1435894,4.833333333333333
Florida,2017,1,1363107,4.6000000000000005
Florida,2017,2,1293733,4.333333333333333
Florida,2017,3,1257489,4.2
Florida,2017,4,1225199,4.066666666666666
Florida,2018,1,1171766,3.8666666666666667
Florida,2018,2,1120145,3.6999999999999997
Florida,2018,3,1071151,3.533333333333333
Florida,2018,4,1068581,3.5
Florida,2019,1,1053061,3.4333333333333336
Florida,2019,2,1010945,3.2999999999999994
Florida,2019,3,992926,3.2000000000000006
Florida,2019,4,953187,3.0666666666666664
Florida,2020,1,1025399,3.3333333333333335
Florida,2020,2,3866318,13.066666666666668
Florida,2020,3,2922917,9.6
Florida,2020,4,2038627,6.7
Florida,2021,1,1709248,5.6000000000000005
Florida,2021,2,1528366,4.933333333333334
Florida,2021,3,1363744,4.366666666666666
Florida,2021,4,1181113,3.733333333333333
Florida,2022,1,1052617,3.3000000000000003
Florida,2022,2,929242,2.9
Florida,2022,3,884968,2.7000000000000006
Florida,2022,4,882174,2.7000000000000006
Florida,2023,1,853429,2.6
Florida,2023,2,857763,2.6
Florida,2023,3,907724,2.733333333333333
Georgia,2014,1,1058508,7.433333333333334
Georgia,2014,2,1045560,7.333333333333333
Georgia,2014,3,1012163,7.1000000000000005
Georgia,2014,4,952834,6.7
Georgia,2015,1,907325,6.3999999999999995
Georgia,2015,2,876945,6.2
Georgia,2015,3,842012,5.933333333333334
Georgia,2015,4,820647,5.766666666666667
Georgia,2016,1,806585,5.666666666666667
Georgia,2016,2,794347,5.433333333333334
Georgia,2016,3,806840,5.400000000000001
Georgia,2016,4,814566,5.366666666666667
Georgia,2017,1,780443,5.1000000000000005
Georgia,2017,2,741715,4.833333333333333
Georgia,2017,3,712645,4.633333333333333
Georgia,2017,4,684708,4.466666666666667
Georgia,2018,1,649879,4.2
Georgia,2018,2,616558,4.0
Georgia,2018,3,593690,3.9
Georgia,2018,4,596651,3.9
Georgia,2019,1,581834,3.8000000000000003
Georgia,2019,2,553404,3.5666666666666664
Georgia,2019,3,543902,3.5
Georgia,2019,4,537007,3.4333333333333336
Georgia,2020,1,563349,3.6
Georgia,2020,2,1524603,10.166666666666666
Georgia,2020,3,1033021,6.933333333333334
Georgia,2020,4,822541,5.233333333333333
Georgia,2021,1,711725,4.6000000000000005
Georgia,2021,2,637958,4.1000000000000005
Georgia,2021,3,570231,3.6666666666666665
Georgia,2021,4,509919,3.3000000000000003
Georgia,2022,1,475174,3.033333333333333
Georgia,2022,2,463929,2.9333333333333336
Georgia,2022,3,481581,3.0666666666666664
Georgia,2022,4,486370,3.1
Georgia,2023,1,489563,3.1
Georgia,2023,2,505371,3.1666666666666665
Georgia,2023,3,522936,3.3000000000000003
Hawaii,2014,1,89431,4.5
Hawaii,2014,2,86554,4.366666666666667
Hawaii,2014,3,82830,4.133333333333333
Hawaii,2014,4,78927,3.9333333333333336
Hawaii,2015,1,75404,3.766666666666667
Hawaii,2015,2,70459,3.5
Hawaii,2015,3,66148,3.266666666666667
Hawaii,2015,4,63145,3.1333333333333333
Hawaii,2016,1,61167,3.0
Hawaii,2016,2,60404,2.966666666666667
Hawaii,2016,3,58386,2.8666666666666667
Hawaii,2016,4,55487,2.733333333333333
Hawaii,2017,1,53406,2.566666666666667
Hawaii,2017,2,49483,2.4
Hawaii,2017,3,41878,2.0
Hawaii,2017,4,39233,1.8999999999999997
Hawaii,2018,1,44031,2.1333333333333333
Hawaii,2018,2,47847,2.3000000000000003
Hawaii,2018,3,51715,2.5
Hawaii,2018,4,55722,2.6999999999999997
Hawaii,2019,1,56232,2.733333333333333
Hawaii,2019,2,52977,2.566666666666667
Hawaii,2019,3,50375,2.433333333333333
Hawaii,2019,4,48049,2.3333333333333335
Hawaii,2020,1,45291,2.2
Hawaii,2020,2,400369,20.3
Hawaii,2020,3,277439,14.133333333333333
Hawaii,2020,4,211378,10.799999999999999
Hawaii,2021,1,182897,9.033333333333333
Hawaii,2021,2,141318,6.966666666666666
Hawaii,2021,3,95570,4.766666666666667
Hawaii,2021,4,65328,3.3000000000000003
Hawaii,2022,1,64893,3.233333333333333
Hawaii,2022,2,68237,3.3666666666666667
Hawaii,2022,3,72867,3.6
Hawaii,2022,4,75742,3.7000000000000006
Hawaii,2023,1,72344,3.5666666666666664
Hawaii,2023,2,64110,3.1333333333333333
Hawaii,2023,3,57493,2.7999999999999994
Idaho,2014,1,122144,5.233333333333333
Idaho,2014,2,101103,4.366666666666666
Idaho,2014,3,93693,4.0
Idaho,2014,4,91940,3.9333333333333336
Idaho,2015,1,91229,3.8666666666666667
Idaho,2015,2,93236,3.9
Idaho,2015,3,93052,3.9
Idaho,2015,4,91969,3.7999999999999994
Idaho,2016,1,90952,3.766666666666667
Idaho,2016,2,90033,3.7000000000000006
Idaho,2016,3,89665,3.6666666666666665
Idaho,2016,4,87558,3.5666666666666664
Idaho,2017,1,83997,3.4
Idaho,2017,2,79836,3.1666666666666665
Idaho,2017,3,79758,3.1666666666666665
Idaho,2017,4,79350,3.1333333333333333
Idaho,2018,1,75306,2.9333333333333336
Idaho,2018,2,72079,2.7999999999999994
Idaho,2018,3,72776,2.7999999999999994
Idaho,2018,4,77098,2.966666666666667
Idaho,2019,1,77525,2.9333333333333336
Idaho,2019,2,75297,2.8333333333333335
Idaho,2019,3,77152,2.9
Idaho,2019,4,75703,2.8333333333333335
Idaho,2020,1,74224,2.733333333333333
Idaho,2020,2,251730,9.4
Idaho,2020,3,153112,5.666666666666667
Idaho,2020,4,116602,4.266666666666667
Idaho,2021,1,109162,4.0
Idaho,2021,2,101337,3.6666666666666665
Idaho,2021,3,93577,3.3666666666666667
Idaho,2021,4,82895,2.966666666666667
Idaho,2022,1,73092,2.6
Idaho,2022,2,72682,2.533333333333333
Idaho,2022,3,78998,2.766666666666667
Idaho,2022,4,79696,2.7999999999999994
Idaho,2023,1,75520,2.6333333333333333
Idaho,2023,2,75203,2.6333333333333333
Idaho,2023,3,86415,2.966666666666667
Illinois,2014,1,1596660,8.133333333333333
Illinois,2014,2,1447639,7.3999999999999995
Illinois,2014,3,1328218,6.8
Illinois,2014,4,1237153,6.333333333333333
Illinois,2015,1,1182028,6.066666666666666
Illinois,2015,2,1173959,6.0
Illinois,2015,3,1155938,5.900000000000001
Illinois,2015,4,1183914,6.0
Illinois,2016,1,1225175,6.2
Illinois,2016,2,1186881,6.0
Illinois,2016,3,1135821,5.766666666666667
Illinois,2016,4,1088595,5.566666666666666
Illinois,2017,1,1010838,5.133333333333333
Illinois,2017,2,969482,4.9
Illinois,2017,3,973077,4.966666666666667
Illinois,2017,4,939566,4.8
Illinois,2018,1,877938,4.5
Illinois,2018,2,838995,4.266666666666667
Illinois,2018,3,845195,4.333333333333333
Illinois,2018,4,888447,4.5
Illinois,2019,1,884891,4.5
Illinois,2019,2,786522,4.0
Illinois,2019,3,732972,3.733333333333333
Illinois,2019,4,714779,3.6333333333333333
Illinois,2020,1,816930,4.166666666666667
Illinois,2020,2,2856735,15.133333333333333
Illinois,2020,3,1922601,10.133333333333333
Illinois,2020,4,1496232,7.8999999999999995
Illinois,2021,1,1327087,7.0
Illinois,2021,2,1235943,6.466666666666666
Illinois,2021,3,1121361,5.833333333333333
Illinois,2021,4,969838,5.066666666666666
Illinois,2022,1,904467,4.633333333333333
Illinois,2022,2,860899,4.433333333333334
Illinois,2022,3,872539,4.5
Illinois,2022,4,896187,4.6
Illinois,2023,1,868011,4.466666666666667
Illinois,2023,2,798281,4.1000000000000005
Illinois,2023,3,803662,4.166666666666667
Indiana,2014,1,604625,6.3
Indiana,2014,2,587646,6.066666666666666
Indiana,2014,3,565043,5.833333333333333
Indiana,2014,4,544463,5.6000000000000005
Indiana,2015,1,507936,5.233333333333333
Indiana,2015,2,471821,4.8
Indiana,2015,3,448907,4.566666666666666
Indiana,2015,4,449676,4.533333333333333
Indiana,2016,1,463271,4.6
Indiana,2016,2,453143,4.5
Indiana,2016,3,427139,4.3
Indiana,2016,4,403516,4.066666666666666
Indiana,2017,1,366338,3.6666666666666665
Indiana,2017,2,342460,3.4
Indiana,2017,3,351134,3.5
Indiana,2017,4,339577,3.4
Indiana,2018,1,333020,3.2999999999999994
Indiana,2018,2,345317,3.4
Indiana,2018,3,353026,3.466666666666667
Indiana,2018,4,362033,3.5666666666666664
Indiana,2019,1,351406,3.4
Indiana,2019,2,327647,3.233333333333333
Indiana,2019,3,330559,3.233333333333333
Indiana,2019,4,336614,3.2999999999999994
Indiana,2020,1,343883,3.4
Indiana,2020,2,1293249,13.166666666666666
Indiana,2020,3,758783,7.533333333333334
Indiana,2020,4,533904,5.266666666666667
Indiana,2021,1,454954,4.533333333333334
Indiana,2021,2,420022,4.166666666666667
Indiana,2021,3,374540,3.6999999999999997
Indiana,2021,4,317602,3.1666666666666665
Indiana,2022,1,285684,2.8333333333333335
Indiana,2022,2,293713,2.8666666666666667
Indiana,2022,3,319129,3.1
Indiana,2022,4,323747,3.1666666666666665
Indiana,2023,1,317963,3.1
Indiana,2023,2,319209,3.1
Indiana,2023,3,351491,3.4333333333333336
Iowa,2014,1,223412,4.4
Iowa,2014,2,219536,4.3
Iowa,2014,3,215089,4.2
Iowa,2014,4,205734,4.0
Iowa,2015,1,195731,3.8333333333333335
Iowa,2015,2,189473,3.733333333333333
Iowa,2015,3,185036,3.6
Iowa,2015,4,185836,3.6
Iowa,2016,1,185959,3.6
Iowa,2016,2,186536,3.6333333333333333
Iowa,2016,3,184720,3.6
Iowa,2016,4,176909,3.466666666666667
Iowa,2017,1,165288,3.233333333333333
Iowa,2017,2,158002,3.1
Iowa,2017,3,154118,3.033333333333333
Iowa,2017,4,145756,2.8666666666666667
Iowa,2018,1,138361,2.6999999999999997
Iowa,2018,2,129758,2.533333333333333
Iowa,2018,3,128215,2.5
Iowa,2018,4,132723,2.566666666666667
Iowa,2019,1,134603,2.6
Iowa,2019,2,135815,2.6
Iowa,2019,3,143670,2.733333333333333
Iowa,2019,4,142592,2.733333333333333
Iowa,2020,1,135239,2.6
Iowa,2020,2,430259,8.633333333333335
Iowa,2020,3,258455,5.233333333333333
Iowa,2020,4,214811,4.333333333333333
Iowa,2021,1,209283,4.2
Iowa,2021,2,209585,4.133333333333333
Iowa,2021,3,192786,3.8000000000000003
Iowa,2021,4,158607,3.1333333333333333
Iowa,2022,1,127761,2.533333333333333
Iowa,2022,2,125701,2.433333333333333
Iowa,2022,3,150824,2.9333333333333336
Iowa,2022,4,158599,3.0666666666666664
Iowa,2023,1,149567,2.9
Iowa,2023,2,139329,2.7000000000000006
Iowa,2023,3,150711,2.8666666666666667
Kansas,2014,1,211385,4.733333333333333
Kansas,2014,2,205127,4.566666666666666
Kansas,2014,3,198477,4.433333333333334
Kansas,2014,4,192998,4.3
Kansas,2015,1,194833,4.366666666666667
Kansas,2015,2,192223,4.3
Kansas,2015,3,180806,4.033333333333333
Kansas,2015,4,176968,3.9
Kansas,2016,1,176865,3.9
Kansas,2016,2,178939,4.0
Kansas,2016,3,184296,4.1
Kansas,2016,4,180786,4.066666666666666
Kansas,2017,1,168158,3.8000000000000003
Kansas,2017,2,162738,3.6
Kansas,2017,3,161107,3.6
Kansas,2017,4,154967,3.466666666666667
Kansas,2018,1,153651,3.4333333333333336
Kansas,2018,2,149331,3.3333333333333335
Kansas,2018,3,147917,3.2999999999999994
Kansas,2018,4,151382,3.3666666666666667
Kansas,2019,1,150220,3.3333333333333335
Kansas,2019,2,145591,3.233333333333333
Kansas,2019,3,147279,3.266666666666667
Kansas,2019,4,147522,3.266666666666667
Kansas,2020,1,146782,3.266666666666667
Kansas,2020,2,436508,9.733333333333334
Kansas,2020,3,264450,5.866666666666667
Kansas,2020,4,203523,4.533333333333333
Kansas,2021,1,167714,3.733333333333333
Kansas,2021,2,158398,3.5
Kansas,2021,3,147428,3.266666666666667
Kansas,2021,4,122267,2.733333333333333
Kansas,2022,1,108617,2.433333333333333
Kansas,2022,2,111438,2.5
Kansas,2022,3,126275,2.8000000000000003
Kansas,2022,4,132467,2.9333333333333336
Kansas,2023,1,131623,2.9
Kansas,2023,2,131401,2.8666666666666667
Kansas,2023,3,125751,2.733333333333333
Kentucky,2014,1,445778,7.333333333333333
Kentucky,2014,2,407161,6.733333333333333
Kentucky,2014,3,362744,6.066666666666666
Kentucky,2014,4,330504,5.533333333333334
Kentucky,2015,1,314578,5.3
Kentucky,2015,2,310415,5.233333333333333
Kentucky,2015,3,305882,5.2
Kentucky,2015,4,310199,5.2
Kentucky,2016,1,308230,5.133333333333333
Kentucky,2016,2,298369,4.933333333333334
Kentucky,2016,3,301544,4.966666666666667
Kentucky,2016,4,309545,5.1
Kentucky,2017,1,309363,5.033333333333333
Kentucky,2017,2,304127,4.933333333333334
Kentucky,2017,3,292533,4.733333333333333
Kentucky,2017,4,270886,4.3999999999999995
Kentucky,2018,1,259869,4.2
Kentucky,2018,2,260483,4.2
Kentucky,2018,3,260996,4.2
Kentucky,2018,4,259482,4.2
Kentucky,2019,1,256934,4.166666666666667
Kentucky,2019,2,256190,4.1
Kentucky,2019,3,255199,4.1
Kentucky,2019,4,252187,4.033333333333333
Kentucky,2020,1,255096,4.1
Kentucky,2020,2,708951,11.6
Kentucky,2020,3,317497,5.333333333333333
Kentucky,2020,4,287559,4.766666666666667
Kentucky,2021,1,274465,4.533333333333333
Kentucky,2021,2,273239,4.5
Kentucky,2021,3,273328,4.466666666666667
Kentucky,2021,4,256422,4.2
Kentucky,2022,1,239320,3.9
Kentucky,2022,2,237629,3.8333333333333335
Kentucky,2022,3,243739,3.966666666666667
Kentucky,2022,4,241106,3.9333333333333336
Kentucky,2023,1,235889,3.8666666666666667
Kentucky,2023,2,231002,3.766666666666667
Kentucky,2023,3,245927,4.0
Los Angeles County,2014,1,1297421,8.733333333333333
Los Angeles County,2014,2,1247500,8.4
Los Angeles County,2014,3,1210709,8.1
Los Angeles County,2014,4,1169979,7.8
Los Angeles County,2015,1,1120448,7.5
Los Angeles County,2015,2,1049875,7.0
Los Angeles County,2015,3,945128,6.366666666666667
Los Angeles County,2015,4,871893,5.866666666666667
Los Angeles County,2016,1,825835,5.5
Los Angeles County,2016,2,796539,5.3
Los Angeles County,2016,3,800384,5.3
Los Angeles County,2016,4,795706,5.266666666666667
Los Angeles County,2017,1,761393,5.0
Los Angeles County,2017,2,739726,4.833333333333333
Los Angeles County,2017,3,732254,4.766666666666667
Los Angeles County,2017,4,719434,4.7
Los Angeles County,2018,1,713299,4.633333333333333
Los Angeles County,2018,2,706110,4.6
Los Angeles County,2018,3,708701,4.633333333333333
Los Angeles County,2018,4,722339,4.7
Los Angeles County,2019,1,704354,4.6000000000000005
Los Angeles County,2019,2,671482,4.366666666666667
Los Angeles County,2019,3,679575,4.4
Los Angeles County,2019,4,718912,4.6000000000000005
Los Angeles County,2020,1,834470,5.3999999999999995
Los Angeles County,2020,2,2601790,17.933333333333334
Los Angeles County,2020,3,2287267,15.266666666666666
Los Angeles County,2020,4,1592770,10.9
Los Angeles County,2021,1,1575504,10.6
Los Angeles County,2021,2,1474024,9.799999999999999
Los Angeles County,2021,3,1261928,8.4
Los Angeles County,2021,4,1049260,6.966666666666666
Los Angeles County,2022,1,870301,5.766666666666667
Los Angeles County,2022,2,706914,4.7
Los Angeles County,2022,3,641328,4.333333333333333
Los Angeles County,2022,4,689326,4.666666666666667
Los Angeles County,2023,1,728490,4.8999999999999995
Los Angeles County,2023,2,742762,4.933333333333334
Los Angeles County,2023,3,754189,5.0
Louisiana,2014,1,355993,5.633333333333333
Louisiana,2014,2,381766,6.0
Louisiana,2014,3,424056,6.566666666666666
Louisiana,2014,4,444229,6.8
Louisiana,2015,1,436072,6.7
Louisiana,2015,2,413857,6.3999999999999995
Louisiana,2015,3,389449,6.066666666666666
Louisiana,2015,4,383145,6.0
Louisiana,2016,1,387453,6.066666666666666
Louisiana,2016,2,390147,6.099999999999999
Louisiana,2016,3,390161,6.099999999999999
Louisiana,2016,4,380539,6.0
Louisiana,2017,1,359421,5.666666666666667
Louisiana,2017,2,330067,5.233333333333333
Louisiana,2017,3,306623,4.833333333333333
Louisiana,2017,4,297608,4.7
Louisiana,2018,1,300968,4.733333333333333
Louisiana,2018,2,312432,4.9
Louisiana,2018,3,307268,4.866666666666667
Louisiana,2018,4,302451,4.8
Louisiana,2019,1,289020,4.6000000000000005
Louisiana,2019,2,277413,4.4
Louisiana,2019,3,295451,4.666666666666667
Louisiana,2019,4,305956,4.8
Louisiana,2020,1,339705,5.3999999999999995
Louisiana,2020,2,741027,12.233333333333334
Louisiana,2020,3,580565,9.366666666666667
Louisiana,2020,4,475356,7.666666666666667
Louisiana,2021,1,422040,6.8
Louisiana,2021,2,380769,6.133333333333333
Louisiana,2021,3,319443,5.166666666666667
Louisiana,2021,4,266013,4.3
Louisiana,2022,1,242729,3.8666666666666667
Louisiana,2022,2,223315,3.533333333333333
Louisiana,2022,3,219708,3.533333333333333
Louisiana,2022,4,222864,3.5666666666666664
Louisiana,2023,1,225822,3.5666666666666664
Louisiana,2023,2,227846,3.6
Louisiana,2023,3,207562,3.3333333333333335
Maine,2014,1,127017,6.0
Maine,2014,2,119867,5.7
Maine,2014,3,112949,5.3999999999999995
Maine,2014,4,107321,5.133333333333334
Maine,2015,1,100235,4.8
Maine,2015,2,92970,4.5
Maine,2015,3,86288,4.2
Maine,2015,4,83021,4.033333333333333
Maine,2016,1,81591,3.9333333333333336
Maine,2016,2,79329,3.8333333333333335
Maine,2016,3,77825,3.733333333333333
Maine,2016,4,75649,3.6
Maine,2017,1,72568,3.4333333333333336
Maine,2017,2,72096,3.4
Maine,2017,3,71960,3.4
Maine,2017,4,67495,3.1999999999999997
Maine,2018,1,63576,3.033333333333333
Maine,2018,2,65597,3.1
Maine,2018,3,69586,3.2999999999999994
Maine,2018,4,69138,3.266666666666667
Maine,2019,1,62606,3.0
Maine,2019,2,56995,2.733333333333333
Maine,2019,3,60125,2.9
Maine,2019,4,65677,3.1333333333333333
Maine,2020,1,66898,3.2000000000000006
Maine,2020,2,167104,8.433333333333334
Maine,2020,3,95943,4.866666666666666
Maine,2020,4,80095,3.966666666666667
Maine,2021,1,93469,4.6000000000000005
Maine,2021,2,101052,4.8999999999999995
Maine,2021,3,98166,4.766666666666667
Maine,2021,4,86426,4.2
Maine,2022,1,66137,3.233333333333333
Maine,2022,2,53635,2.6333333333333333
Maine,2022,3,56279,2.8000000000000003
Maine,2022,4,62226,3.1
Maine,2023,1,56176,2.766666666666667
Maine,2023,2,48692,2.4
Maine,2023,3,51628,2.533333333333333
Maryland,2014,1,559885,6.0
Maryland,2014,2,545950,5.833333333333333
Maryland,2014,3,529819,5.633333333333333
Maryland,2014,4,514138,5.466666666666666
Maryland,2015,1,499760,5.333333333333333
Maryland,2015,2,480316,5.1000000000000005
Maryland,2015,3,459834,4.866666666666667
Maryland,2015,4,438994,4.666666666666667
Maryland,2016,1,417205,4.3999999999999995
Maryland,2016,2,403720,4.3
Maryland,2016,3,402315,4.233333333333333
Maryland,2016,4,402598,4.233333333333333
Maryland,2017,1,389126,4.033333333333333
Maryland,2017,2,379913,3.9
Maryland,2017,3,390653,4.0
Maryland,2017,4,395475,4.066666666666666
Maryland,2018,1,393008,4.033333333333333
Maryland,2018,2,376592,3.8333333333333335
Maryland,2018,3,364197,3.7000000000000006
Maryland,2018,4,360943,3.7000000000000006
Maryland,2019,1,351702,3.533333333333333
Maryland,2019,2,337160,3.4
Maryland,2019,3,336743,3.3666666666666667
Maryland,2019,4,328301,3.266666666666667
Maryland,2020,1,349870,3.466666666666667
Maryland,2020,2,830634,8.633333333333333
Maryland,2020,3,703648,7.3
Maryland,2020,4,636871,6.666666666666667
Maryland,2021,1,588529,6.2
Maryland,2021,2,548305,5.766666666666667
Maryland,2021,3,492631,5.2
Maryland,2021,4,389184,4.1000000000000005
Maryland,2022,1,325604,3.4333333333333336
Maryland,2022,2,299558,3.1333333333333333
Maryland,2022,3,310871,3.266666666666667
Maryland,2022,4,298128,3.1
Maryland,2023,1,272666,2.8666666666666667
Maryland,2023,2,219574,2.3000000000000003
Maryland,2023,3,165570,1.7
Massachusetts,2014,1,647043,6.1000000000000005
Massachusetts,2014,2,625146,5.866666666666667
Massachusetts,2014,3,606463,5.633333333333333
Massachusetts,2014,4,579026,5.366666666666667
Massachusetts,2015,1,549053,5.1000000000000005
Massachusetts,2015,2,526451,4.8999999999999995
Massachusetts,2015,3,502760,4.666666666666667
Massachusetts,2015,4,484184,4.5
Massachusetts,2016,1,463335,4.3
Massachusetts,2016,2,439802,4.066666666666666
Massachusetts,2016,3,424266,3.9
Massachusetts,2016,4,421351,3.9
Massachusetts,2017,1,426508,3.7999999999999994
Massachusetts,2017,2,428322,3.7999999999999994
Massachusetts,2017,3,428098,3.7999999999999994
Massachusetts,2017,4,421575,3.766666666666667
Massachusetts,2018,1,416232,3.6666666666666665
Massachusetts,2018,2,405856,3.533333333333333
Massachusetts,2018,3,390578,3.4
Massachusetts,2018,4,380261,3.2999999999999994
Massachusetts,2019,1,368172,3.1666666666666665
Massachusetts,2019,2,350895,3.033333333333333
Massachusetts,2019,3,341643,2.966666666666667
Massachusetts,2019,4,331886,2.9
Massachusetts,2020,1,318962,2.7999999999999994
Massachusetts,2020,2,1706533,15.6
Massachusetts,2020,3,1254604,11.1
Massachusetts,2020,4,927977,8.2
Massachusetts,2021,1,756797,6.733333333333333
Massachusetts,2021,2,673063,5.966666666666666
Massachusetts,2021,3,580180,5.166666666666667
Massachusetts,2021,4,476841,4.233333333333333
Massachusetts,2022,1,436035,3.8666666666666667
Massachusetts,2022,2,419608,3.7000000000000006
Massachusetts,2022,3,419032,3.766666666666667
Massachusetts,2022,4,417631,3.733333333333333
Massachusetts,2023,1,401892,3.5666666666666664
Massachusetts,2023,2,316345,2.8333333333333335
Massachusetts,2023,3,286846,2.566666666666667
Michigan,2014,1,1138163,8.0
Michigan,2014,2,1075841,7.533333333333334
Michigan,2014,3,995750,7.0
Michigan,2014,4,912432,6.3999999999999995
Michigan,2015,1,840153,5.8999999999999995
Michigan,2015,2,798159,5.6000000000000005
Michigan,2015,3,746243,5.233333333333333
Michigan,2015,4,712264,4.966666666666667
Michigan,2016,1,713754,4.933333333333334
Michigan,2016,2,724876,5.0
Michigan,2016,3,734095,5.033333333333333
Michigan,2016,4,737548,5.066666666666666
Michigan,2017,1,684177,4.666666666666667
Michigan,2017,2,640242,4.333333333333333
Michigan,2017,3,684208,4.6000000000000005
Michigan,2017,4,695970,4.7
Michigan,2018,1,650332,4.3999999999999995
Michigan,2018,2,602333,4.033333333333333
Michigan,2018,3,598207,4.033333333333333
Michigan,2018,4,623556,4.166666666666667
Michigan,2019,1,623734,4.166666666666667
Michigan,2019,2,614499,4.1
Michigan,2019,3,615307,4.1
Michigan,2019,4,580093,3.9
Michigan,2020,1,558714,3.766666666666667
Michigan,2020,2,2690400,18.7
Michigan,2020,3,1523205,10.333333333333334
Michigan,2020,4,1036623,7.2
Michigan,2021,1,909991,6.366666666666667
Michigan,2021,2,890422,6.2
Michigan,2021,3,847781,5.8999999999999995
Michigan,2021,4,706730,4.933333333333334
Michigan,2022,1,607991,4.233333333333333
Michigan,2022,2,578620,4.0
Michigan,2022,3,615765,4.233333333333333
Michigan,2022,4,631207,4.366666666666667
Michigan,2023,1,615672,4.233333333333333
Michigan,2023,2,541629,3.6999999999999997
Michigan,2023,3,552542,3.733333333333333
Minnesota,2014,1,413364,4.633333333333333
Minnesota,2014,2,390944,4.3999999999999995
Minnesota,2014,3,366965,4.1000000000000005
Minnesota,2014,4,354033,3.9333333333333336
Minnesota,2015,1,343038,3.7999999999999994
Minnesota,2015,2,341264,3.7999999999999994
Minnesota,2015,3,339376,3.7999999999999994
Minnesota,2015,4,340289,3.766666666666667
Minnesota,2016,1,343820,3.7999999999999994
Minnesota,2016,2,345392,3.7999999999999994
Minnesota,2016,3,354604,3.9333333333333336
Minnesota,2016,4,357765,3.966666666666667
Minnesota,2017,1,343184,3.6999999999999997
Minnesota,2017,2,322211,3.5
Minnesota,2017,3,315365,3.4
Minnesota,2017,4,306616,3.3333333333333335
Minnesota,2018,1,282516,3.0666666666666664
Minnesota,2018,2,269418,2.9333333333333336
Minnesota,2018,3,269813,2.9333333333333336
Minnesota,2018,4,292689,3.1666666666666665
Minnesota,2019,1,302583,3.266666666666667
Minnesota,2019,2,294994,3.2000000000000006
Minnesota,2019,3,302208,3.233333333333333
Minnesota,2019,4,310596,3.2999999999999994
Minnesota,2020,1,329909,3.5
Minnesota,2020,2,890596,9.5
Minnesota,2020,3,659393,6.933333333333334
Minnesota,2020,4,480300,5.133333333333333
Minnesota,2021,1,391380,4.3
Minnesota,2021,2,359465,3.9333333333333336
Minnesota,2021,3,336618,3.6999999999999997
Minnesota,2021,4,293596,3.1999999999999997
Minnesota,2022,1,237154,2.6
Minnesota,2022,2,219351,2.3666666666666667
Minnesota,2022,3,251608,2.733333333333333
Minnesota,2022,4,273666,2.966666666666667
Minnesota,2023,1,268564,2.9
Minnesota,2023,2,267585,2.8666666666666667
Minnesota,2023,3,288537,3.0666666666666664
Mississippi,2014,1,299149,8.0
Mississippi,2014,2,291423,7.8
Mississippi,2014,3,279187,7.5
Mississippi,2014,4,264329,7.066666666666666
Mississippi,2015,1,252757,6.733333333333333
Mississippi,2015,2,245681,6.5
Mississippi,2015,3,239707,6.3
Mississippi,2015,4,241885,6.400000000000001
Mississippi,2016,1,235791,6.2
Mississippi,2016,2,227147,5.966666666666666
Mississippi,2016,3,226337,5.900000000000001
Mississippi,2016,4,222201,5.8
Mississippi,2017,1,210760,5.5
Mississippi,2017,2,203547,5.333333333333333
Mississippi,2017,3,196927,5.166666666666667
Mississippi,2017,4,188211,4.933333333333334
Mississippi,2018,1,185903,4.9
Mississippi,2018,2,185493,4.866666666666667
Mississippi,2018,3,185334,4.866666666666667
Mississippi,2018,4,197280,5.2
Mississippi,2019,1,205072,5.400000000000001
Mississippi,2019,2,208316,5.433333333333334
Mississippi,2019,3,217485,5.666666666666667
Mississippi,2019,4,214655,5.599999999999999
Mississippi,2020,1,220529,5.766666666666667
Mississippi,2020,2,439499,12.066666666666668
Mississippi,2020,3,284180,7.633333333333333
Mississippi,2020,4,253256,6.733333333333333
Mississippi,2021,1,239497,6.366666666666667
Mississippi,2021,2,222538,5.8999999999999995
Mississippi,2021,3,196618,5.233333333333333
Mississippi,2021,4,169262,4.5
Mississippi,2022,1,149830,3.9666666666666663
Mississippi,2022,2,139294,3.7000000000000006
Mississippi,2022,3,145998,3.9
Mississippi,2022,4,150745,4.066666666666666
Mississippi,2023,1,139179,3.6999999999999997
Mississippi,2023,2,120175,3.233333333333333
Mississippi,2023,3,116488,3.1333333333333333
Missouri,2014,1,599531,6.566666666666666
Missouri,2014,2,574614,6.3
Missouri,2014,3,544544,6.0
Missouri,2014,4,523830,5.733333333333333
Missouri,2015,1,512478,5.599999999999999
Missouri,2015,2,489448,5.333333333333333
Missouri,2015,3,449109,4.8999999999999995
Missouri,2015,4,421109,4.6000000000000005
Missouri,2016,1,409890,4.433333333333334
Missouri,2016,2,421740,4.6000000000000005
Missouri,2016,3,434119,4.7
Missouri,2016,4,410321,4.466666666666666
Missouri,2017,1,372592,4.066666666666666
Missouri,2017,2,343420,3.733333333333333
Missouri,2017,3,329026,3.6
Missouri,2017,4,324413,3.5666666666666664
Missouri,2018,1,318693,3.5
Missouri,2018,2,293595,3.1999999999999997
Missouri,2018,3,279357,3.0666666666666664
Missouri,2018,4,291892,3.1999999999999997
Missouri,2019,1,298611,3.266666666666667
Missouri,2019,2,281570,3.033333333333333
Missouri,2019,3,291422,3.1999999999999997
Missouri,2019,4,310731,3.3333333333333335
Missouri,2020,1,315687,3.4
Missouri,2020,2,844748,9.633333333333333
Missouri,2020,3,602833,6.533333333333334
Missouri,2020,4,477429,5.2
Missouri,2021,1,438733,4.8
Missouri,2021,2,402364,4.3999999999999995
Missouri,2021,3,351614,3.8333333333333335
Missouri,2021,4,303711,3.3000000000000003
Missouri,2022,1,247006,2.6999999999999997
Missouri,2022,2,199699,2.1666666666666665
Missouri,2022,3,222353,2.4
Missouri,2022,4,248118,2.7000000000000006
Missouri,2023,1,238981,2.6
Missouri,2023,2,238367,2.533333333333333
Missouri,2023,3,263829,2.8000000000000003
Montana,2014,1,74995,4.8999999999999995
Montana,2014,2,72122,4.7
Montana,2014,3,70767,4.6
Montana,2014,4,68861,4.466666666666667
Montana,2015,1,66402,4.3
Montana,2015,2,65989,4.266666666666667
Montana,2015,3,66281,4.3
Montana,2015,4,67192,4.3
Montana,2016,1,68290,4.4
Montana,2016,2,68148,4.366666666666667
Montana,2016,3,67130,4.3
Montana,2016,4,66447,4.233333333333333
Montana,2017,1,65121,4.133333333333333
Montana,2017,2,64631,4.1
Montana,2017,3,65276,4.1
Montana,2017,4,64174,4.033333333333333
Montana,2018,1,62052,3.9
Montana,2018,2,59777,3.733333333333333
Montana,2018,3,58842,3.7000000000000006
Montana,2018,4,58932,3.6666666666666665
Montana,2019,1,57780,3.5666666666666664
Montana,2019,2,56104,3.4333333333333336
Montana,2019,3,56994,3.5
Montana,2019,4,57960,3.5
Montana,2020,1,57646,3.5
Montana,2020,2,155886,9.566666666666666
Montana,2020,3,95889,5.866666666666667
Montana,2020,4,72033,4.433333333333334
Montana,2021,1,62978,3.8333333333333335
Montana,2021,2,59207,3.6
Montana,2021,3,54444,3.266666666666667
Montana,2021,4,47135,2.8333333333333335
Montana,2022,1,43233,2.533333333333333
Montana,2022,2,45021,2.6333333333333333
Montana,2022,3,46479,2.7000000000000006
Montana,2022,4,45360,2.6666666666666665
Montana,2023,1,41410,2.4
Montana,2023,2,40275,2.3333333333333335
Montana,2023,3,44307,2.566666666666667
Nebraska,2014,1,105220,3.466666666666667
Nebraska,2014,2,101592,3.3333333333333335
Nebraska,2014,3,96785,3.1666666666666665
Nebraska,2014,4,91541,3.033333333333333
Nebraska,2015,1,89273,2.9333333333333336
Nebraska,2015,2,91279,3.0
Nebraska,2015,3,92015,3.0
Nebraska,2015,4,91540,3.0
Nebraska,2016,1,91368,3.0
Nebraska,2016,2,92539,3.033333333333333
Nebraska,2016,3,94866,3.1
Nebraska,2016,4,95319,3.1333333333333333
Nebraska,2017,1,92291,3.033333333333333
Nebraska,2017,2,89702,2.9
Nebraska,2017,3,91419,2.966666666666667
Nebraska,2017,4,91842,3.0
Nebraska,2018,1,89689,2.9
Nebraska,2018,2,88521,2.8666666666666667
Nebraska,2018,3,90536,2.9
Nebraska,2018,4,95046,3.033333333333333
Nebraska,2019,1,96700,3.1
Nebraska,2019,2,96830,3.1
Nebraska,2019,3,100569,3.1666666666666665
Nebraska,2019,4,99735,3.1333333333333333
Nebraska,2020,1,110339,3.5
Nebraska,2020,2,205184,6.533333333333334
Nebraska,2020,3,126838,4.033333333333333
Nebraska,2020,4,99615,3.1666666666666665
Nebraska,2021,1,92884,2.966666666666667
Nebraska,2021,2,87817,2.8000000000000003
Nebraska,2021,3,83378,2.6666666666666665
Nebraska,2021,4,73986,2.3333333333333335
Nebraska,2022,1,64123,2.033333333333333
Nebraska,2022,2,67556,2.1
Nebraska,2022,3,80622,2.533333333333333
Nebraska,2022,4,85170,2.7000000000000006
Nebraska,2023,1,73807,2.3000000000000003
Nebraska,2023,2,62209,1.9333333333333333
Nebraska,2023,3,63887,2.033333333333333
Nevada,2014,1,362236,8.766666666666667
Nevada,2014,2,344534,8.333333333333334
Nevada,2014,3,329194,7.933333333333334
Nevada,2014,4,316080,7.6000000000000005
Nevada,2015,1,304025,7.3
Nevada,2015,2,292325,7.0
Nevada,2015,3,280261,6.7
Nevada,2015,4,269936,6.3999999999999995
Nevada,2016,1,259605,6.166666666666667
Nevada,2016,2,249190,5.8999999999999995
Nevada,2016,3,241289,5.666666666666667
Nevada,2016,4,234268,5.5
Nevada,2017,1,228000,5.3
Nevada,2017,2,216809,5.0
Nevada,2017,3,208456,4.8
Nevada,2017,4,212295,4.833333333333333
Nevada,2018,1,205121,4.633333333333333
Nevada,2018,2,195186,4.3999999999999995
Nevada,2018,3,190314,4.2
Nevada,2018,4,195259,4.3
Nevada,2019,1,194751,4.266666666666667
Nevada,2019,2,187368,4.033333333333333
Nevada,2019,3,187604,4.0
Nevada,2019,4,193419,4.133333333333333
Nevada,2020,1,246790,5.266666666666667
Nevada,2020,2,1075241,24.7
Nevada,2020,3,652879,14.433333333333335
Nevada,2020,4,470410,10.4
Nevada,2021,1,384276,8.5
Nevada,2021,2,329462,7.333333333333333
Nevada,2021,3,283712,6.3
Nevada,2021,4,251520,5.633333333333333
Nevada,2022,1,242679,5.333333333333333
Nevada,2022,2,243233,5.2
Nevada,2022,3,253392,5.3999999999999995
Nevada,2022,4,260331,5.5
Nevada,2023,1,260313,5.5
Nevada,2023,2,255568,5.400000000000001
Nevada,2023,3,256953,5.366666666666667
New Hampshire,2014,1,103826,4.7
New Hampshire,2014,2,98421,4.3999999999999995
New Hampshire,2014,3,93446,4.2
New Hampshire,2014,4,89219,4.0
New Hampshire,2015,1,85050,3.766666666666667
New Hampshire,2015,2,79363,3.5
New Hampshire,2015,3,72876,3.266666666666667
New Hampshire,2015,4,67827,3.033333333333333
New Hampshire,2016,1,64515,2.8666666666666667
New Hampshire,2016,2,64716,2.8666666666666667
New Hampshire,2016,3,64806,2.9
New Hampshire,2016,4,65092,2.9
New Hampshire,2017,1,64942,2.8666666666666667
New Hampshire,2017,2,62884,2.766666666666667
New Hampshire,2017,3,63458,2.7999999999999994
New Hampshire,2017,4,63716,2.7999999999999994
New Hampshire,2018,1,62519,2.7000000000000006
New Hampshire,2018,2,61504,2.6666666666666665
New Hampshire,2018,3,59260,2.566666666666667
New Hampshire,2018,4,59337,2.566666666666667
New Hampshire,2019,1,59702,2.566666666666667
New Hampshire,2019,2,58876,2.5
New Hampshire,2019,3,60487,2.6
New Hampshire,2019,4,60985,2.6
New Hampshire,2020,1,60358,2.6
New Hampshire,2020,2,281749,12.433333333333332
New Hampshire,2020,3,159357,6.966666666666666
New Hampshire,2020,4,110793,4.866666666666666
New Hampshire,2021,1,92433,4.066666666666666
New Hampshire,2021,2,83139,3.6333333333333333
New Hampshire,2021,3,72786,3.1999999999999997
New Hampshire,2021,4,60282,2.6999999999999997
New Hampshire,2022,1,50540,2.1999999999999997
New Hampshire,2022,2,51622,2.2333333333333334
New Hampshire,2022,3,62202,2.6666666666666665
New Hampshire,2022,4,66631,2.9
New Hampshire,2023,1,61257,2.6333333333333333
New Hampshire,2023,2,44318,1.9333333333333333
New Hampshire,2023,3,42006,1.8333333333333333
New Jersey,2014,1,955301,7.133333333333333
New Jersey,2014,2,907791,6.733333333333333
New Jersey,2014,3,890840,6.599999999999999
New Jersey,2014,4,875827,6.466666666666666
New Jersey,2015,1,846240,6.266666666666667
New Jersey,2015,2,804383,5.966666666666666
New Jersey,2015,3,738121,5.466666666666666
New Jersey,2015,4,685376,5.1000000000000005
New Jersey,2016,1,673738,5.0
New Jersey,2016,2,675586,5.0
New Jersey,2016,3,667360,4.966666666666667
New Jersey,2016,4,646425,4.8
New Jersey,2017,1,627709,4.533333333333333
New Jersey,2017,2,618539,4.466666666666667
New Jersey,2017,3,634501,4.566666666666666
New Jersey,2017,4,628044,4.566666666666666
New Jersey,2018,1,600719,4.366666666666667
New Jersey,2018,2,570164,4.1000000000000005
New Jersey,2018,3,535085,3.9
New Jersey,2018,4,508147,3.6666666666666665
New Jersey,2019,1,474559,3.4
New Jersey,2019,2,443295,3.1666666666666665
New Jersey,2019,3,483481,3.4333333333333336
New Jersey,2019,4,539751,3.8000000000000003
New Jersey,2020,1,574340,4.066666666666666
New Jersey,2020,2,2043136,14.866666666666667
New Jersey,2020,3,1651920,11.700000000000001
New Jersey,2020,4,988591,7.166666666666667
New Jersey,2021,1,1004299,7.166666666666667
New Jersey,2021,2,988001,7.033333333333334
New Jersey,2021,3,926078,6.566666666666666
New Jersey,2021,4,790936,5.666666666666667
New Jersey,2022,1,649098,4.6
New Jersey,2022,2,518489,3.6333333333333333
New Jersey,2022,3,448862,3.1333333333333333
New Jersey,2022,4,474534,3.2999999999999994
New Jersey,2023,1,503213,3.466666666666667
New Jersey,2023,2,527769,3.6
New Jersey,2023,3,607684,4.166666666666667
New Mexico,2014,1,188241,6.733333333333333
New Mexico,2014,2,185697,6.666666666666667
New Mexico,2014,3,183274,6.566666666666666
New Mexico,2014,4,180426,6.400000000000001
New Mexico,2015,1,184717,6.6000000000000005
New Mexico,2015,2,189284,6.7
New Mexico,2015,3,185684,6.599999999999999
New Mexico,2015,4,183373,6.5
New Mexico,2016,1,184573,6.533333333333334
New Mexico,2016,2,190285,6.7
New Mexico,2016,3,196400,6.900000000000001
New Mexico,2016,4,195644,6.866666666666667
New Mexico,2017,1,189082,6.6000000000000005
New Mexico,2017,2,177892,6.233333333333333
New Mexico,2017,3,166435,5.833333333333333
New Mexico,2017,4,156419,5.5
New Mexico,2018,1,143150,5.066666666666666
New Mexico,2018,2,134567,4.733333333333333
New Mexico,2018,3,136429,4.8
New Mexico,2018,4,145142,5.1000000000000005
New Mexico,2019,1,145354,5.066666666666666
New Mexico,2019,2,141284,4.933333333333334
New Mexico,2019,3,140318,4.9
New Mexico,2019,4,142324,4.933333333333334
New Mexico,2020,1,154700,5.3999999999999995
New Mexico,2020,2,248540,9.1
New Mexico,2020,3,243655,8.766666666666666
New Mexico,2020,4,236150,8.433333333333334
New Mexico,2021,1,227676,8.066666666666666
New Mexico,2021,2,214201,7.566666666666666
New Mexico,2021,3,191671,6.733333333333333
New Mexico,2021,4,166725,5.866666666666667
New Mexico,2022,1,143090,5.0
New Mexico,2022,2,116612,4.1
New Mexico,2022,3,98572,3.5
New Mexico,2022,4,99014,3.5
New Mexico,2023,1,101717,3.533333333333333
New Mexico,2023,2,100968,3.5
New Mexico,2023,3,106768,3.6666666666666665
New York,2014,1,1951351,6.833333333333333
New York,2014,2,1833015,6.3999999999999995
New York,2014,3,1730183,6.1000000000000005
New York,2014,4,1662567,5.833333333333333
New York,2015,1,1614661,5.633333333333333
New York,2015,2,1548756,5.3999999999999995
New York,2015,3,1441439,5.033333333333334
New York,2015,4,1390361,4.866666666666667
New York,2016,1,1382509,4.8
New York,2016,2,1381719,4.833333333333333
New York,2016,3,1414965,4.966666666666667
New York,2016,4,1399062,4.8999999999999995
New York,2017,1,1364825,4.633333333333333
New York,2017,2,1364734,4.6
New York,2017,3,1385928,4.7
New York,2017,4,1358242,4.6000000000000005
New York,2018,1,1293998,4.3999999999999995
New York,2018,2,1204498,4.1000000000000005
New York,2018,3,1155622,3.9
New York,2018,4,1175871,4.0
New York,2019,1,1152963,3.9
New York,2019,2,1101463,3.733333333333333
New York,2019,3,1130893,3.8333333333333335
New York,2019,4,1170538,3.9333333333333336
New York,2020,1,1218951,4.1000000000000005
New York,2020,2,4288876,15.233333333333334
New York,2020,3,3190028,11.133333333333333
New York,2020,4,2558211,8.933333333333332
New York,2021,1,2367640,8.266666666666667
New York,2021,2,2155358,7.533333333333334
New York,2021,3,1909210,6.633333333333333
New York,2021,4,1623025,5.633333333333333
New York,2022,1,1372916,4.733333333333333
New York,2022,2,1198132,4.166666666666667
New York,2022,3,1139336,3.966666666666667
New York,2022,4,1192902,4.133333333333333
New York,2023,1,1195453,4.166666666666667
New York,2023,2,1151023,3.9333333333333336
New York,2023,3,1157418,3.9333333333333336
New York city,2014,1,955673,7.8
New York city,2014,2,896461,7.3
New York city,2014,3,830171,6.766666666666667
New York city,2014,4,787875,6.3999999999999995
New York city,2015,1,755495,6.1000000000000005
New York city,2015,2,704630,5.733333333333333
New York city,2015,3,644155,5.266666666666667
New York city,2015,4,632634,5.166666666666667
New York city,2016,1,634943,5.2
New York city,2016,2,629971,5.133333333333333
New York city,2016,3,643442,5.233333333333333
New York city,2016,4,617557,5.033333333333334
New York city,2017,1,591168,4.6000000000000005
New York city,2017,2,585859,4.533333333333333
New York city,2017,3,587795,4.566666666666666
New York city,2017,4,565417,4.3999999999999995
New York city,2018,1,544262,4.233333333333333
New York city,2018,2,520105,4.066666666666666
New York city,2018,3,510748,4.033333333333333
New York city,2018,4,541646,4.266666666666667
New York city,2019,1,540825,4.2
New York city,2019,2,496540,3.9
New York city,2019,3,483029,3.7999999999999994
New York city,2019,4,496515,3.9
New York city,2020,1,549556,4.3
New York city,2020,2,2010928,17.066666666666666
New York city,2020,3,1853155,15.200000000000001
New York city,2020,4,1570391,12.9
New York city,2021,1,1450900,11.866666666666667
New York city,2021,2,1308235,10.666666666666666
New York city,2021,3,1157165,9.4
New York city,2021,4,1005519,8.200000000000001
New York city,2022,1,853527,6.933333333333334
New York city,2022,2,681522,5.533333333333334
New York city,2022,3,587360,4.8
New York city,2022,4,634064,5.166666666666667
New York city,2023,1,661937,5.333333333333333
New York city,2023,2,669224,5.366666666666667
New York city,2023,3,659811,5.3
North Carolina,2014,1,890704,6.333333333333333
North Carolina,2014,2,875555,6.233333333333333
North Carolina,2014,3,857357,6.066666666666666
North Carolina,2014,4,825172,5.8
North Carolina,2015,1,814049,5.733333333333333
North Carolina,2015,2,829267,5.8
North Carolina,2015,3,809187,5.666666666666667
North Carolina,2015,4,778788,5.433333333333334
North Carolina,2016,1,754949,5.233333333333333
North Carolina,2016,2,734652,5.066666666666666
North Carolina,2016,3,736150,5.066666666666666
North Carolina,2016,4,735734,5.033333333333333
North Carolina,2017,1,686701,4.733333333333333
North Carolina,2017,2,654596,4.5
North Carolina,2017,3,655965,4.5
North Carolina,2017,4,642851,4.366666666666667
North Carolina,2018,1,605050,4.1000000000000005
North Carolina,2018,2,579774,3.9333333333333336
North Carolina,2018,3,582757,3.9333333333333336
North Carolina,2018,4,595484,4.0
North Carolina,2019,1,582358,3.9333333333333336
North Carolina,2019,2,571533,3.7999999999999994
North Carolina,2019,3,586167,3.9
North Carolina,2019,4,574552,3.8333333333333335
North Carolina,2020,1,570516,3.8666666666666667
North Carolina,2020,2,1670605,11.833333333333334
North Carolina,2020,3,1088074,7.533333333333334
North Carolina,2020,4,853830,5.866666666666667
North Carolina,2021,1,804277,5.5
North Carolina,2021,2,753811,5.1000000000000005
North Carolina,2021,3,714060,4.766666666666667
North Carolina,2021,4,627426,4.133333333333334
North Carolina,2022,1,536134,3.4333333333333336
North Carolina,2022,2,535127,3.4333333333333336
North Carolina,2022,3,596618,3.8333333333333335
North Carolina,2022,4,600422,3.8666666666666667
North Carolina,2023,1,564968,3.6333333333333333
North Carolina,2023,2,527172,3.3666666666666667
North Carolina,2023,3,521574,3.3333333333333335
North Dakota,2014,1,32330,2.6666666666666665
North Dakota,2014,2,31658,2.6
North Dakota,2014,3,32413,2.6
North Dakota,2014,4,32479,2.6
North Dakota,2015,1,32892,2.6333333333333333
North Dakota,2015,2,34627,2.7999999999999994
North Dakota,2015,3,34778,2.7999999999999994
North Dakota,2015,4,35792,2.9
North Dakota,2016,1,38983,3.1666666666666665
North Dakota,2016,2,39823,3.2000000000000006
North Dakota,2016,3,37911,3.0666666666666664
North Dakota,2016,4,36554,2.966666666666667
North Dakota,2017,1,34763,2.8000000000000003
North Dakota,2017,2,31787,2.533333333333333
North Dakota,2017,3,31226,2.5
North Dakota,2017,4,32288,2.6
North Dakota,2018,1,32260,2.6
North Dakota,2018,2,29706,2.4
North Dakota,2018,3,27926,2.3
North Dakota,2018,4,28723,2.3333333333333335
North Dakota,2019,1,28982,2.3333333333333335
North Dakota,2019,2,26888,2.1666666666666665
North Dakota,2019,3,26027,2.1
North Dakota,2019,4,25662,2.066666666666667
North Dakota,2020,1,27603,2.2333333333333334
North Dakota,2020,2,91155,7.433333333333334
North Dakota,2020,3,69297,5.666666666666667
North Dakota,2020,4,56878,4.633333333333334
North Dakota,2021,1,47979,3.9
North Dakota,2021,2,39741,3.233333333333333
North Dakota,2021,3,33362,2.733333333333333
North Dakota,2021,4,29696,2.4
North Dakota,2022,1,27294,2.1999999999999997
North Dakota,2022,2,24854,2.0
North Dakota,2022,3,25300,2.033333333333333
North Dakota,2022,4,26625,2.1
North Dakota,2023,1,26409,2.1
North Dakota,2023,2,25885,2.066666666666667
North Dakota,2023,3,23955,1.9333333333333333
Ohio,2014,1,1089608,6.3999999999999995
Ohio,2014,2,1013169,5.8999999999999995
Ohio,2014,3,965087,5.6000000000000005
Ohio,2014,4,913724,5.3
Ohio,2015,1,887339,5.2
Ohio,2015,2,858133,5.0
Ohio,2015,3,816239,4.766666666666667
Ohio,2015,4,829235,4.833333333333333
Ohio,2016,1,862510,5.0
Ohio,2016,2,857211,5.0
Ohio,2016,3,869631,5.033333333333333
Ohio,2016,4,907252,5.266666666666667
Ohio,2017,1,904994,5.2
Ohio,2017,2,879454,5.033333333333333
Ohio,2017,3,863047,4.933333333333334
Ohio,2017,4,818655,4.7
Ohio,2018,1,793680,4.6
Ohio,2018,2,789625,4.5
Ohio,2018,3,775661,4.4
Ohio,2018,4,785253,4.5
Ohio,2019,1,740836,4.233333333333333
Ohio,2019,2,698876,3.966666666666667
Ohio,2019,3,738447,4.2
Ohio,2019,4,767384,4.333333333333333
Ohio,2020,1,809449,4.566666666666666
Ohio,2020,2,2260634,13.366666666666665
Ohio,2020,3,1490905,8.666666666666666
Ohio,2020,4,1136694,6.566666666666666
Ohio,2021,1,1010546,5.866666666666667
Ohio,2021,2,933403,5.433333333333334
Ohio,2021,3,840020,4.8999999999999995
Ohio,2021,4,746788,4.333333333333333
Ohio,2022,1,692334,4.0
Ohio,2022,2,670179,3.9
Ohio,2022,3,696371,4.066666666666666
Ohio,2022,4,710029,4.133333333333333
Ohio,2023,1,670755,3.9
Ohio,2023,2,618099,3.5666666666666664
Ohio,2023,3,588689,3.3666666666666667
Oklahoma,2014,1,254870,4.733333333333333
Oklahoma,2014,2,237158,4.3999999999999995
Oklahoma,2014,3,225674,4.166666666666667
Oklahoma,2014,4,218641,4.033333333333333
Oklahoma,2015,1,224955,4.1000000000000005
Oklahoma,2015,2,238633,4.366666666666667
Oklahoma,2015,3,238364,4.333333333333333
Oklahoma,2015,4,239612,4.366666666666667
Oklahoma,2016,1,249021,4.533333333333333
Oklahoma,2016,2,258534,4.733333333333333
Oklahoma,2016,3,261168,4.766666666666667
Oklahoma,2016,4,250837,4.6000000000000005
Oklahoma,2017,1,232509,4.3
Oklahoma,2017,2,221664,4.033333333333333
Oklahoma,2017,3,218153,3.966666666666667
Oklahoma,2017,4,210865,3.8333333333333335
Oklahoma,2018,1,199201,3.6
Oklahoma,2018,2,180934,3.3000000000000003
Oklahoma,2018,3,168662,3.1
Oklahoma,2018,4,174100,3.1666666666666665
Oklahoma,2019,1,174857,3.1666666666666665
Oklahoma,2019,2,167479,3.033333333333333
Oklahoma,2019,3,173960,3.1666666666666665
Oklahoma,2019,4,174950,3.1666666666666665
Oklahoma,2020,1,174367,3.1666666666666665
Oklahoma,2020,2,555064,10.133333333333333
Oklahoma,2020,3,364427,6.6000000000000005
Oklahoma,2020,4,299473,5.366666666666667
Oklahoma,2021,1,272969,4.866666666666667
Oklahoma,2021,2,248860,4.466666666666666
Oklahoma,2021,3,208490,3.6999999999999997
Oklahoma,2021,4,170061,3.033333333333333
Oklahoma,2022,1,160496,2.8333333333333335
Oklahoma,2022,2,164096,2.9
Oklahoma,2022,3,178392,3.1666666666666665
Oklahoma,2022,4,180389,3.2000000000000006
Oklahoma,2023,1,173304,3.033333333333333
Oklahoma,2023,2,160113,2.8000000000000003
Oklahoma,2023,3,164894,2.8333333333333335
Oregon,2014,1,412389,7.1000000000000005
Oregon,2014,2,397183,6.8
Oregon,2014,3,381367,6.5
Oregon,2014,4,361837,6.166666666666667
Oregon,2015,1,339266,5.766666666666667
Oregon,2015,2,331310,5.6000000000000005
Oregon,2015,3,319198,5.3999999999999995
Oregon,2015,4,305633,5.1000000000000005
Oregon,2016,1,298799,4.9
Oregon,2016,2,300526,4.9
Oregon,2016,3,293432,4.8
Oregon,2016,4,270838,4.3999999999999995
Oregon,2017,1,248362,4.0
Oregon,2017,2,246965,3.966666666666667
Oregon,2017,3,257860,4.133333333333333
Oregon,2017,4,258358,4.133333333333333
Oregon,2018,1,251428,4.033333333333333
Oregon,2018,2,241140,3.8666666666666667
Oregon,2018,3,247195,4.0
Oregon,2018,4,265028,4.266666666666667
Oregon,2019,1,256378,4.1000000000000005
Oregon,2019,2,237005,3.766666666666667
Oregon,2019,3,227366,3.6
Oregon,2019,4,215247,3.4333333333333336
Oregon,2020,1,224499,3.6
Oregon,2020,2,741704,11.9
Oregon,2020,3,523773,8.233333333333333
Oregon,2020,4,430759,6.733333333333333
Oregon,2021,1,402808,6.266666666666667
Oregon,2021,2,363042,5.633333333333333
Oregon,2021,3,309916,4.8
Oregon,2021,4,268261,4.133333333333333
Oregon,2022,1,239449,3.6666666666666665
Oregon,2022,2,240817,3.733333333333333
Oregon,2022,3,285144,4.333333333333333
Oregon,2022,4,314964,4.8
Oregon,2023,1,303786,4.633333333333334
Oregon,2023,2,243089,3.733333333333333
Oregon,2023,3,222047,3.4333333333333336
Pennsylvania,2014,1,1222735,6.3999999999999995
Pennsylvania,2014,2,1165464,6.1000000000000005
Pennsylvania,2014,3,1099423,5.7
Pennsylvania,2014,4,1064152,5.533333333333334
Pennsylvania,2015,1,1060850,5.5
Pennsylvania,2015,2,1052135,5.466666666666666
Pennsylvania,2015,3,1026132,5.333333333333333
Pennsylvania,2015,4,1015086,5.266666666666667
Pennsylvania,2016,1,1028431,5.3
Pennsylvania,2016,2,1044145,5.400000000000001
Pennsylvania,2016,3,1044619,5.400000000000001
Pennsylvania,2016,4,1019995,5.266666666666667
Pennsylvania,2017,1,998418,5.133333333333333
Pennsylvania,2017,2,969833,4.966666666666667
Pennsylvania,2017,3,955586,4.9
Pennsylvania,2017,4,949190,4.9
Pennsylvania,2018,1,917007,4.7
Pennsylvania,2018,2,861029,4.3999999999999995
Pennsylvania,2018,3,832188,4.266666666666667
Pennsylvania,2018,4,844278,4.3
Pennsylvania,2019,1,857914,4.366666666666667
Pennsylvania,2019,2,835025,4.233333333333333
Pennsylvania,2019,3,844378,4.266666666666667
Pennsylvania,2019,4,875181,4.433333333333334
Pennsylvania,2020,1,930297,4.7
Pennsylvania,2020,2,2603077,13.466666666666667
Pennsylvania,2020,3,1872231,9.566666666666668
Pennsylvania,2020,4,1556374,7.933333333333334
Pennsylvania,2021,1,1398736,7.2
Pennsylvania,2021,2,1244009,6.3999999999999995
Pennsylvania,2021,3,1096854,5.7
Pennsylvania,2021,4,931374,4.833333333333333
Pennsylvania,2022,1,854945,4.433333333333334
Pennsylvania,2022,2,836789,4.3
Pennsylvania,2022,3,837492,4.3
Pennsylvania,2022,4,845757,4.366666666666667
Pennsylvania,2023,1,840716,4.3
Pennsylvania,2023,2,772585,3.9666666666666663
Pennsylvania,2023,3,678126,3.466666666666667
Rhode Island,2014,1,145460,8.700000000000001
Rhode Island,2014,2,134220,8.033333333333333
Rhode Island,2014,3,124254,7.433333333333334
Rhode Island,2014,4,115046,6.8999999999999995
Rhode Island,2015,1,108168,6.5
Rhode Island,2015,2,102970,6.166666666666667
Rhode Island,2015,3,96666,5.8
Rhode Island,2015,4,93407,5.633333333333333
Rhode Island,2016,1,91209,5.5
Rhode Island,2016,2,88954,5.366666666666667
Rhode Island,2016,3,85915,5.2
Rhode Island,2016,4,80898,4.8999999999999995
Rhode Island,2017,1,77323,4.533333333333333
Rhode Island,2017,2,75204,4.4
Rhode Island,2017,3,76892,4.533333333333333
Rhode Island,2017,4,77908,4.566666666666666
Rhode Island,2018,1,74641,4.366666666666667
Rhode Island,2018,2,69368,4.0
Rhode Island,2018,3,67175,3.9
Rhode Island,2018,4,66714,3.8666666666666667
Rhode Island,2019,1,62692,3.6999999999999997
Rhode Island,2019,2,59505,3.5
Rhode Island,2019,3,60761,3.5
Rhode Island,2019,4,60551,3.5
Rhode Island,2020,1,62497,3.6333333333333333
Rhode Island,2020,2,262590,15.566666666666668
Rhode Island,2020,3,184037,10.666666666666666
Rhode Island,2020,4,118477,6.966666666666666
Rhode Island,2021,1,107113,6.266666666666667
Rhode Island,2021,2,103190,6.0
Rhode Island,2021,3,95209,5.533333333333334
Rhode Island,2021,4,72640,4.233333333333333
Rhode Island,2022,1,55681,3.233333333333333
Rhode Island,2022,2,51348,3.0
Rhode Island,2022,3,56689,3.3333333333333335
Rhode Island,2022,4,55963,3.3000000000000003
Rhode Island,2023,1,52274,3.1
Rhode Island,2023,2,50584,2.966666666666667
Rhode Island,2023,3,45918,2.6999999999999997
South Carolina,2014,1,398988,6.033333333333334
South Carolina,2014,2,405048,6.1000000000000005
South Carolina,2014,3,431648,6.433333333333334
South Carolina,2014,4,440448,6.533333333333334
South Carolina,2015,1,431995,6.366666666666667
South Carolina,2015,2,414880,6.1000000000000005
South Carolina,2015,3,386615,5.7
South Carolina,2015,4,370508,5.433333333333334
South Carolina,2016,1,362627,5.266666666666667
South Carolina,2016,2,346888,5.066666666666666
South Carolina,2016,3,326182,4.8
South Carolina,2016,4,310423,4.533333333333333
South Carolina,2017,1,290760,4.3
South Carolina,2017,2,281541,4.133333333333333
South Carolina,2017,3,285327,4.2
South Carolina,2017,4,281988,4.166666666666667
South Carolina,2018,1,248728,3.6999999999999997
South Carolina,2018,2,222683,3.233333333333333
South Carolina,2018,3,226143,3.2999999999999994
South Carolina,2018,4,225138,3.266666666666667
South Carolina,2019,1,221226,3.1666666666666665
South Carolina,2019,2,202716,2.9
South Carolina,2019,3,174564,2.5
South Carolina,2019,4,177871,2.566666666666667
South Carolina,2020,1,204254,2.9333333333333336
South Carolina,2020,2,668676,9.566666666666666
South Carolina,2020,3,447504,6.366666666666667
South Carolina,2020,4,357522,5.066666666666666
South Carolina,2021,1,312755,4.433333333333334
South Carolina,2021,2,290534,4.133333333333333
South Carolina,2021,3,271831,3.8666666666666667
South Carolina,2021,4,246013,3.5
South Carolina,2022,1,231824,3.266666666666667
South Carolina,2022,2,226247,3.2000000000000006
South Carolina,2022,3,233476,3.266666666666667
South Carolina,2022,4,232690,3.2999999999999994
South Carolina,2023,1,228503,3.2000000000000006
South Carolina,2023,2,227364,3.1
South Carolina,2023,3,221756,3.0
South Dakota,2014,1,46197,3.4333333333333336
South Dakota,2014,2,45292,3.3666666666666667
South Dakota,2014,3,44402,3.2999999999999994
South Dakota,2014,4,44016,3.233333333333333
South Dakota,2015,1,43047,3.2000000000000006
South Dakota,2015,2,42366,3.1
South Dakota,2015,3,40785,3.033333333333333
South Dakota,2015,4,39123,2.8666666666666667
South Dakota,2016,1,38676,2.7999999999999994
South Dakota,2016,2,40199,2.9333333333333336
South Dakota,2016,3,42442,3.1333333333333333
South Dakota,2016,4,43545,3.2000000000000006
South Dakota,2017,1,42075,3.1
South Dakota,2017,2,41543,3.0
South Dakota,2017,3,41884,3.1
South Dakota,2017,4,41145,3.0
South Dakota,2018,1,40267,2.9333333333333336
South Dakota,2018,2,38599,2.7999999999999994
South Dakota,2018,3,37302,2.7000000000000006
South Dakota,2018,4,37952,2.733333333333333
South Dakota,2019,1,39057,2.7999999999999994
South Dakota,2019,2,39132,2.7999999999999994
South Dakota,2019,3,39182,2.7999999999999994
South Dakota,2019,4,37839,2.733333333333333
South Dakota,2020,1,35035,2.5
South Dakota,2020,2,95828,6.8999999999999995
South Dakota,2020,3,58606,4.2
South Dakota,2020,4,46107,3.3000000000000003
South Dakota,2021,1,40667,2.9
South Dakota,2021,2,39483,2.7999999999999994
South Dakota,2021,3,37275,2.6333333333333333
South Dakota,2021,4,31793,2.2333333333333334
South Dakota,2022,1,27530,1.9333333333333333
South Dakota,2022,2,28150,1.9666666666666668
South Dakota,2022,3,30782,2.1666666666666665
South Dakota,2022,4,31196,2.2
South Dakota,2023,1,29089,2.033333333333333
South Dakota,2023,2,26759,1.8666666666666665
South Dakota,2023,3,27457,1.8999999999999997
Tennessee,2014,1,624696,6.833333333333333
Tennessee,2014,2,611888,6.7
Tennessee,2014,3,600453,6.566666666666666
Tennessee,2014,4,577892,6.3
Tennessee,2015,1,556181,6.066666666666666
Tennessee,2015,2,533018,5.8
Tennessee,2015,3,499328,5.3999999999999995
Tennessee,2015,4,463618,5.0
Tennessee,2016,1,439140,4.733333333333333
Tennessee,2016,2,439620,4.666666666666667
Tennessee,2016,3,455716,4.833333333333333
Tennessee,2016,4,457387,4.8
Tennessee,2017,1,416957,4.3999999999999995
Tennessee,2017,2,356754,3.733333333333333
Tennessee,2017,3,329228,3.4333333333333336
Tennessee,2017,4,332096,3.4333333333333336
Tennessee,2018,1,341481,3.5
Tennessee,2018,2,339600,3.5
Tennessee,2018,3,338634,3.5
Tennessee,2018,4,342791,3.5
Tennessee,2019,1,341770,3.4333333333333336
Tennessee,2019,2,328027,3.266666666666667
Tennessee,2019,3,324546,3.233333333333333
Tennessee,2019,4,343234,3.4333333333333336
Tennessee,2020,1,349269,3.5
Tennessee,2020,2,1231125,12.666666666666666
Tennessee,2020,3,783558,7.933333333333334
Tennessee,2020,4,600607,6.033333333333334
Tennessee,2021,1,525400,5.266666666666667
Tennessee,2021,2,481472,4.8
Tennessee,2021,3,418880,4.2
Tennessee,2021,4,367970,3.6999999999999997
Tennessee,2022,1,344455,3.4
Tennessee,2022,2,329548,3.233333333333333
Tennessee,2022,3,336069,3.3333333333333335
Tennessee,2022,4,347630,3.5
Tennessee,2023,1,346007,3.466666666666667
Tennessee,2023,2,327091,3.266666666666667
Tennessee,2023,3,319205,3.1333333333333333
Texas,2014,1,2166993,5.6000000000000005
Texas,2014,2,2064826,5.3
Texas,2014,3,1986095,5.1000000000000005
Texas,2014,4,1864197,4.766666666666667
Texas,2015,1,1765768,4.533333333333333
Texas,2015,2,1739202,4.433333333333334
Texas,2015,3,1752716,4.466666666666667
Texas,2015,4,1771457,4.5
Texas,2016,1,1770727,4.466666666666667
Texas,2016,2,1831266,4.6000000000000005
Texas,2016,3,1905168,4.733333333333333
Texas,2016,4,1938592,4.8
Texas,2017,1,1897578,4.7
Texas,2017,2,1786461,4.3999999999999995
Texas,2017,3,1691738,4.166666666666667
Texas,2017,4,1657081,4.1
Texas,2018,1,1652957,4.033333333333333
Texas,2018,2,1622210,3.9333333333333336
Texas,2018,3,1579831,3.8333333333333335
Texas,2018,4,1580194,3.7999999999999994
Texas,2019,1,1511555,3.6333333333333333
Texas,2019,2,1435272,3.4333333333333336
Texas,2019,3,1477171,3.533333333333333
Texas,2019,4,1476051,3.5
Texas,2020,1,1686064,4.033333333333333
Texas,2020,2,4714908,11.5
Texas,2020,3,3507460,8.366666666666667
Texas,2020,4,2969418,7.0
Texas,2021,1,2795305,6.566666666666666
Texas,2021,2,2565573,5.966666666666666
Texas,2021,3,2299764,5.366666666666667
Texas,2021,4,2033025,4.7
Texas,2022,1,1798831,4.1
Texas,2022,2,1668552,3.7999999999999994
Texas,2022,3,1658335,3.766666666666667
Texas,2022,4,1693300,3.8333333333333335
Texas,2023,1,1756334,3.966666666666667
Texas,2023,2,1831692,4.066666666666666
Texas,2023,3,1862058,4.1
Utah,2014,1,157571,3.733333333333333
Utah,2014,2,152542,3.6
Utah,2014,3,153497,3.6
Utah,2014,4,154017,3.6
Utah,2015,1,153189,3.533333333333333
Utah,2015,2,154049,3.5
Utah,2015,3,154888,3.5
Utah,2015,4,155328,3.5
Utah,2016,1,155573,3.5
Utah,2016,2,152314,3.4
Utah,2016,3,148203,3.2999999999999994
Utah,2016,4,147340,3.2000000000000006
Utah,2017,1,147091,3.2000000000000006
Utah,2017,2,147963,3.2000000000000006
Utah,2017,3,147935,3.1666666666666665
Utah,2017,4,144873,3.1
Utah,2018,1,141811,3.0
Utah,2018,2,139005,2.9
Utah,2018,3,137712,2.9
Utah,2018,4,136551,2.8666666666666667
Utah,2019,1,131123,2.733333333333333
Utah,2019,2,124045,2.566666666666667
Utah,2019,3,119588,2.466666666666667
Utah,2019,4,118442,2.4
Utah,2020,1,121030,2.5
Utah,2020,2,394116,8.033333333333333
Utah,2020,3,249618,5.033333333333334
Utah,2020,4,190937,3.8333333333333335
Utah,2021,1,161897,3.233333333333333
Utah,2021,2,145104,2.9
Utah,2021,3,130954,2.6
Utah,2021,4,117206,2.3000000000000003
Utah,2022,1,113222,2.2
Utah,2022,2,117049,2.2333333333333334
Utah,2022,3,124845,2.3666666666666667
Utah,2022,4,128120,2.4
Utah,2023,1,126617,2.4
Utah,2023,2,125831,2.3333333333333335
Utah,2023,3,137156,2.5
Vermont,2014,1,42363,4.033333333333333
Vermont,2014,2,41827,4.0
Vermont,2014,3,42029,4.0
Vermont,2014,4,41125,3.9333333333333336
Vermont,2015,1,38916,3.733333333333333
Vermont,2015,2,37241,3.5666666666666664
Vermont,2015,3,36089,3.466666666666667
Vermont,2015,4,34786,3.3666666666666667
Vermont,2016,1,33120,3.2000000000000006
Vermont,2016,2,32394,3.1
Vermont,2016,3,32213,3.1
Vermont,2016,4,32285,3.1
Vermont,2017,1,33314,3.1
Vermont,2017,2,32030,3.033333333333333
Vermont,2017,3,31295,2.9
Vermont,2017,4,31674,3.0
Vermont,2018,1,28973,2.733333333333333
Vermont,2018,2,26575,2.5
Vermont,2018,3,25096,2.3333333333333335
Vermont,2018,4,24999,2.3666666666666667
Vermont,2019,1,23431,2.1999999999999997
Vermont,2019,2,20896,1.9666666666666668
Vermont,2019,3,22060,2.1
Vermont,2019,4,22648,2.1333333333333333
Vermont,2020,1,23816,2.266666666666667
Vermont,2020,2,108096,10.433333333333334
Vermont,2020,3,57432,5.766666666666667
Vermont,2020,4,43705,4.3999999999999995
Vermont,2021,1,44720,4.466666666666667
Vermont,2021,2,39922,3.966666666666667
Vermont,2021,3,34042,3.4
Vermont,2021,4,30311,2.966666666666667
Vermont,2022,1,25078,2.433333333333333
Vermont,2022,2,23087,2.2333333333333334
Vermont,2022,3,28182,2.766666666666667
Vermont,2022,4,31409,3.0666666666666664
Vermont,2023,1,29151,2.8000000000000003
Vermont,2023,2,22446,2.1333333333333333
Vermont,2023,3,19312,1.8333333333333333
Virginia,2014,1,679302,5.3
Virginia,2014,2,668667,5.233333333333333
Virginia,2014,3,646608,5.066666666666666
Virginia,2014,4,621174,4.866666666666667
Virginia,2015,1,603394,4.733333333333333
Virginia,2015,2,575470,4.5
Virginia,2015,3,534235,4.2
Virginia,2015,4,512673,4.033333333333333
Virginia,2016,1,497956,3.9333333333333336
Virginia,2016,2,497586,3.9333333333333336
Virginia,2016,3,518779,4.066666666666666
Virginia,2016,4,524624,4.066666666666666
Virginia,2017,1,515338,3.966666666666667
Virginia,2017,2,487745,3.733333333333333
Virginia,2017,3,463683,3.533333333333333
Virginia,2017,4,446751,3.4333333333333336
Virginia,2018,1,431124,3.3000000000000003
Virginia,2018,2,386735,2.9333333333333336
Virginia,2018,3,362479,2.7999999999999994
Virginia,2018,4,392522,3.0
Virginia,2019,1,403462,3.0666666666666664
Virginia,2019,2,352690,2.6666666666666665
Virginia,2019,3,335801,2.533333333333333
Virginia,2019,4,367989,2.766666666666667
Virginia,2020,1,397750,2.966666666666667
Virginia,2020,2,1325931,10.299999999999999
Virginia,2020,3,954997,7.366666666666666
Virginia,2020,4,699053,5.3999999999999995
Virginia,2021,1,608718,4.7
Virginia,2021,2,541913,4.2
Virginia,2021,3,461365,3.533333333333333
Virginia,2021,4,406017,3.1
Virginia,2022,1,376509,2.8666666666666667
Virginia,2022,2,341002,2.533333333333333
Virginia,2022,3,370749,2.8000000000000003
Virginia,2022,4,420387,3.1333333333333333
Virginia,2023,1,434363,3.2000000000000006
Virginia,2023,2,399848,2.9
Virginia,2023,3,345736,2.5
Washington,2014,1,639784,6.133333333333333
Washington,2014,2,622522,5.966666666666666
Washington,2014,3,615634,5.866666666666667
Washington,2014,4,606715,5.733333333333333
Washington,2015,1,584637,5.533333333333334
Washington,2015,2,574932,5.400000000000001
Washington,2015,3,573948,5.400000000000001
Washington,2015,4,582397,5.400000000000001
Washington,2016,1,584507,5.400000000000001
Washington,2016,2,580240,5.3
Washington,2016,3,570000,5.2
Washington,2016,4,545804,5.0
Washington,2017,1,520532,4.7
Washington,2017,2,511122,4.6
Washington,2017,3,519693,4.633333333333333
Washington,2017,4,522034,4.633333333333333
Washington,2018,1,515102,4.566666666666666
Washington,2018,2,495532,4.333333333333333
Washington,2018,3,491648,4.3
Washington,2018,4,525313,4.5
Washington,2019,1,540643,4.633333333333333
Washington,2019,2,508024,4.3
Washington,2019,3,485956,4.1
Washington,2019,4,463047,3.9
Washington,2020,1,507732,4.266666666666667
Washington,2020,2,1641413,13.700000000000001
Washington,2020,3,1050757,8.966666666666667
Washington,2020,4,801697,6.866666666666667
Washington,2021,1,712297,6.1000000000000005
Washington,2021,2,639232,5.466666666666666
Washington,2021,3,580236,4.966666666666666
Washington,2021,4,509058,4.3
Washington,2022,1,470258,3.966666666666667
Washington,2022,2,467128,3.9
Washington,2022,3,510875,4.266666666666667
Washington,2022,4,549236,4.566666666666666
Washington,2023,1,550226,4.566666666666666
Washington,2023,2,493811,4.066666666666666
Washington,2023,3,440221,3.6
West Virginia,2014,1,160709,6.7
West Virginia,2014,2,156337,6.533333333333334
West Virginia,2014,3,152879,6.400000000000001
West Virginia,2014,4,151496,6.366666666666667
West Virginia,2015,1,155638,6.533333333333334
West Virginia,2015,2,162052,6.8
West Virginia,2015,3,156628,6.6000000000000005
West Virginia,2015,4,150736,6.400000000000001
West Virginia,2016,1,150014,6.333333333333333
West Virginia,2016,2,146192,6.2
West Virginia,2016,3,142861,6.066666666666666
West Virginia,2016,4,135742,5.766666666666667
West Virginia,2017,1,123140,5.233333333333333
West Virginia,2017,2,118467,5.033333333333333
West Virginia,2017,3,122653,5.2
West Virginia,2017,4,126694,5.366666666666667
West Virginia,2018,1,127242,5.366666666666667
West Virginia,2018,2,124108,5.2
West Virginia,2018,3,119692,5.033333333333333
West Virginia,2018,4,120327,5.066666666666666
West Virginia,2019,1,117358,4.8999999999999995
West Virginia,2019,2,113140,4.766666666666667
West Virginia,2019,3,118209,4.933333333333334
West Virginia,2019,4,122624,5.133333333333333
West Virginia,2020,1,125835,5.266666666666667
West Virginia,2020,2,297040,12.866666666666667
West Virginia,2020,3,195960,8.4
West Virginia,2020,4,153522,6.566666666666666
West Virginia,2021,1,137249,5.8999999999999995
West Virginia,2021,2,128057,5.466666666666666
West Virginia,2021,3,114181,4.866666666666666
West Virginia,2021,4,98112,4.2
West Virginia,2022,1,87362,3.6999999999999997
West Virginia,2022,2,88980,3.8000000000000003
West Virginia,2022,3,96322,4.066666666666666
West Virginia,2022,4,96116,4.1
West Virginia,2023,1,86595,3.6666666666666665
West Virginia,2023,2,77337,3.2999999999999994
West Virginia,2023,3,85066,3.6
Wisconsin,2014,1,539511,5.866666666666667
Wisconsin,2014,2,505944,5.5
Wisconsin,2014,3,475916,5.133333333333333
Wisconsin,2014,4,450426,4.8999999999999995
Wisconsin,2015,1,432332,4.666666666666667
Wisconsin,2015,2,416806,4.5
Wisconsin,2015,3,398867,4.333333333333333
Wisconsin,2015,4,389858,4.2
Wisconsin,2016,1,380428,4.066666666666666
Wisconsin,2016,2,370181,3.966666666666667
Wisconsin,2016,3,363159,3.9
Wisconsin,2016,4,348094,3.6999999999999997
Wisconsin,2017,1,320887,3.4
Wisconsin,2017,2,306962,3.266666666666667
Wisconsin,2017,3,307960,3.266666666666667
Wisconsin,2017,4,289830,3.1
Wisconsin,2018,1,276282,2.9
Wisconsin,2018,2,281514,3.0
Wisconsin,2018,3,281393,3.0
Wisconsin,2018,4,281469,3.0
Wisconsin,2019,1,285184,3.033333333333333
Wisconsin,2019,2,297451,3.1666666666666665
Wisconsin,2019,3,307401,3.2999999999999994
Wisconsin,2019,4,298265,3.1666666666666665
Wisconsin,2020,1,276665,3.0
Wisconsin,2020,2,1025314,11.1
Wisconsin,2020,3,607889,6.533333333333334
Wisconsin,2020,4,459429,4.933333333333334
Wisconsin,2021,1,416653,4.5
Wisconsin,2021,2,386805,4.133333333333333
Wisconsin,2021,3,339444,3.6333333333333333
Wisconsin,2021,4,286112,3.1
Wisconsin,2022,1,258228,2.7999999999999994
Wisconsin,2022,2,265354,2.8666666666666667
Wisconsin,2022,3,283045,3.0666666666666664
Wisconsin,2022,4,277760,3.0
Wisconsin,2023,1,247499,2.6999999999999997
Wisconsin,2023,2,223043,2.433333333333333
Wisconsin,2023,3,267208,2.8666666666666667
Wyoming,2014,1,40313,4.433333333333334
Wyoming,2014,2,39723,4.4
Wyoming,2014,3,40240,4.4
Wyoming,2014,4,37722,4.133333333333333
Wyoming,2015,1,35961,3.9333333333333336
Wyoming,2015,2,37864,4.166666666666667
Wyoming,2015,3,38391,4.233333333333333
Wyoming,2015,4,40782,4.5
Wyoming,2016,1,47963,5.266666666666667
Wyoming,2016,2,50961,5.666666666666667
Wyoming,2016,3,47672,5.3
Wyoming,2016,4,45580,5.1000000000000005
Wyoming,2017,1,40799,4.6000000000000005
Wyoming,2017,2,36640,4.133333333333333
Wyoming,2017,3,37449,4.266666666666667
Wyoming,2017,4,37772,4.3
Wyoming,2018,1,36425,4.166666666666667
Wyoming,2018,2,35298,4.0
Wyoming,2018,3,35623,4.066666666666666
Wyoming,2018,4,35003,4.0
Wyoming,2019,1,31539,3.6
Wyoming,2019,2,30332,3.4333333333333336
Wyoming,2019,3,33145,3.766666666666667
Wyoming,2019,4,36024,4.066666666666666
Wyoming,2020,1,41503,4.666666666666667
Wyoming,2020,2,62834,7.099999999999999
Wyoming,2020,3,55738,6.333333333333333
Wyoming,2020,4,48094,5.5
Wyoming,2021,1,46300,5.3
Wyoming,2021,2,42366,4.8999999999999995
Wyoming,2021,3,37956,4.3999999999999995
Wyoming,2021,4,33788,3.9
Wyoming,2022,1,29396,3.4
Wyoming,2022,2,28648,3.3000000000000003
Wyoming,2022,3,32399,3.6666666666666665
Wyoming,2022,4,34222,3.9
Wyoming,2023,1,33367,3.8000000000000003
Wyoming,2023,2,29744,3.3000000000000003
Wyoming,2023,3,26319,2.9333333333333336
